row_index,video_id,split,clean_text,url,url_norm,trim_mode,start,end,start_time,end_time,local_video_path,has_video,download_status,error_message,fps_out,frame_count_out,video_width_out,video_height_out,duration_sec_out
0,165d3124dde5004c,train,match,https://www.youtube.com/watch?v=C37R_Ix8-qs,https://www.youtube.com/watch?v=C37R_Ix8-qs,frames,0,83,0.0,2.767,D:\college\sem_mag_1\szum\videos_MS_ASL\msasl_train_165d3124dde5004c_frames.mp4,True,ok,,30.0,84.0,640.0,360.0,2.8
1,2c1581c463998473,train,fail,https://www.youtube.com/watch?v=PIsUJl8BN_I,https://www.youtube.com/watch?v=PIsUJl8BN_I,frames,0,74,0.0,2.96,D:\college\sem_mag_1\szum\videos_MS_ASL\msasl_train_2c1581c463998473_frames.mp4,True,ok,,25.0,75.0,480.0,360.0,3.0
2,c4457c33a0a821e4,train,laugh,www.youtube.com/watch?v=9FdHlMOnVjg,https://www.youtube.com/watch?v=9FdHlMOnVjg,frames,0,31,0.0,1.034,D:\college\sem_mag_1\szum\videos_MS_ASL\msasl_train_c4457c33a0a821e4_frames.mp4,False,failed,"Command '['yt-dlp', '--no-playlist', '-f', 'best[height<=720]/best[height<=480]/best', '-o', 'C:\\Users\\iwo\\AppData\\Local\\Temp\\msasl_5zz8747j\\raw.%(ext)s', 'https://www.youtube.com/watch?v=9FdHlMOnVjg']' returned non-zero exit status 1.",,,,,
3,d7544caee572ba54,train,book,https://www.youtube.com/watch?v=J7tP98oDxqE,https://www.youtube.com/watch?v=J7tP98oDxqE,frames,0,66,0.0,2.64,D:\college\sem_mag_1\szum\videos_MS_ASL\msasl_train_d7544caee572ba54_frames.mp4,True,ok,,25.0,67.0,480.0,360.0,2.68
4,bcdca3dc3f50112b,train,sign language,www.youtube.com/watch?v=N2mG9ZKjrGA,https://www.youtube.com/watch?v=N2mG9ZKjrGA,frames,0,75,0.0,2.502,D:\college\sem_mag_1\szum\videos_MS_ASL\msasl_train_bcdca3dc3f50112b_frames.mp4,True,ok,,29.97002997002997,76.0,640.0,360.0,2.5358666666666667
5,be0fc7b641d4dc62,train,school,https://www.youtube.com/watch?v=1AyT77LqJzQ,https://www.youtube.com/watch?v=1AyT77LqJzQ,frames,33,110,1.101,3.67,D:\college\sem_mag_1\szum\videos_MS_ASL\msasl_train_be0fc7b641d4dc62_frames.mp4,False,failed,"Command '['yt-dlp', '--no-playlist', '-f', 'best[height<=720]/best[height<=480]/best', '-o', 'C:\\Users\\iwo\\AppData\\Local\\Temp\\msasl_23ru4qmk\\raw.%(ext)s', 'https://www.youtube.com/watch?v=1AyT77LqJzQ']' returned non-zero exit status 1.",,,,,
6,40a044975f43e845,train,school,https://www.youtube.com/watch?v=1AyT77LqJzQ,https://www.youtube.com/watch?v=1AyT77LqJzQ,frames,140,206,4.671,6.874,D:\college\sem_mag_1\szum\videos_MS_ASL\msasl_train_40a044975f43e845_frames.mp4,False,failed,"Command '['yt-dlp', '--no-playlist', '-f', 'best[height<=720]/best[height<=480]/best', '-o', 'C:\\Users\\iwo\\AppData\\Local\\Temp\\msasl_3jfcv3hz\\raw.%(ext)s', 'https://www.youtube.com/watch?v=1AyT77LqJzQ']' returned non-zero exit status 1.",,,,,
7,3c7b932870ed1d37,train,easter,https://www.youtube.com/watch?v=SVWABYmFdhs,https://www.youtube.com/watch?v=SVWABYmFdhs,frames,0,116,0.0,3.92,D:\college\sem_mag_1\szum\videos_MS_ASL\msasl_train_3c7b932870ed1d37_frames.mp4,True,ok,,29.595,117.0,640.0,360.0,3.9533705017739487
8,2f38455169fac575,train,boring,https://www.youtube.com/watch?v=CYx7qm62Zwo,https://www.youtube.com/watch?v=CYx7qm62Zwo,frames,0,71,0.0,2.84,D:\college\sem_mag_1\szum\videos_MS_ASL\msasl_train_2f38455169fac575_frames.mp4,True,ok,,25.0,72.0,640.0,360.0,2.88
9,24bba3e9ff88b8fb,train,past,https://www.youtube.com/watch?v=cJOyCgIKyeA,https://www.youtube.com/watch?v=cJOyCgIKyeA,frames,0,32,0.0,1.068,D:\college\sem_mag_1\szum\videos_MS_ASL\msasl_train_24bba3e9ff88b8fb_frames.mp4,False,failed,"Command '['yt-dlp', '--no-playlist', '-f', 'best[height<=720]/best[height<=480]/best', '-o', 'C:\\Users\\iwo\\AppData\\Local\\Temp\\msasl_74y48cha\\raw.%(ext)s', 'https://www.youtube.com/watch?v=cJOyCgIKyeA']' returned non-zero exit status 1.",,,,,
10,9f51c6dcfc9e639b,train,phone,https://www.youtube.com/watch?v=HPz_C5XM4o4,https://www.youtube.com/watch?v=HPz_C5XM4o4,frames,0,56,0.0,1.889,D:\college\sem_mag_1\szum\videos_MS_ASL\msasl_train_9f51c6dcfc9e639b_frames.mp4,True,ok,,29.666666666666668,57.0,640.0,360.0,1.9213483146067416
11,f1177f1e74fe9f6f,train,phone,https://www.youtube.com/watch?v=HPz_C5XM4o4,https://www.youtube.com/watch?v=HPz_C5XM4o4,frames,73,123,2.462,4.148,D:\college\sem_mag_1\szum\videos_MS_ASL\msasl_train_f1177f1e74fe9f6f_frames.mp4,True,ok,,29.666666666666668,51.0,640.0,360.0,1.7191011235955056
12,3c65bea6c3a3de90,train,phone,https://www.youtube.com/watch?v=HPz_C5XM4o4,https://www.youtube.com/watch?v=HPz_C5XM4o4,frames,148,196,4.991,6.61,D:\college\sem_mag_1\szum\videos_MS_ASL\msasl_train_3c65bea6c3a3de90_frames.mp4,True,ok,,29.666666666666668,49.0,640.0,360.0,1.651685393258427
13,bd995cab60808a48,train,library,https://www.youtube.com/watch?v=S2cqitZ0qes,https://www.youtube.com/watch?v=S2cqitZ0qes,frames,0,73,0.0,2.92,D:\college\sem_mag_1\szum\videos_MS_ASL\msasl_train_bd995cab60808a48_frames.mp4,True,ok,,25.0,74.0,480.0,360.0,2.96
14,347c61373f745825,train,germany,www.youtube.com/watch?v=zqfcp6NRKpA,https://www.youtube.com/watch?v=zqfcp6NRKpA,frames,0,36,0.0,1.201,D:\college\sem_mag_1\szum\videos_MS_ASL\msasl_train_347c61373f745825_frames.mp4,False,failed,"Command '['yt-dlp', '--no-playlist', '-f', 'best[height<=720]/best[height<=480]/best', '-o', 'C:\\Users\\iwo\\AppData\\Local\\Temp\\msasl_acdq_yob\\raw.%(ext)s', 'https://www.youtube.com/watch?v=zqfcp6NRKpA']' returned non-zero exit status 1.",,,,,
15,07ead325b854884f,train,like,www.youtube.com/watch?v=7y5Ye-2-ZBs,https://www.youtube.com/watch?v=7y5Ye-2-ZBs,frames,0,52,0.0,1.735,D:\college\sem_mag_1\szum\videos_MS_ASL\msasl_train_07ead325b854884f_frames.mp4,False,failed,"Command '['yt-dlp', '--no-playlist', '-f', 'best[height<=720]/best[height<=480]/best', '-o', 'C:\\Users\\iwo\\AppData\\Local\\Temp\\msasl_84sguu1i\\raw.%(ext)s', 'https://www.youtube.com/watch?v=7y5Ye-2-ZBs']' returned non-zero exit status 1.",,,,,
16,403b2a40a079cc19,train,cochlear implant,https://www.youtube.com/watch?v=I_QDeKcyvns,https://www.youtube.com/watch?v=I_QDeKcyvns,frames,0,112,0.0,3.737,D:\college\sem_mag_1\szum\videos_MS_ASL\msasl_train_403b2a40a079cc19_frames.mp4,True,ok,,29.97002997002997,113.0,640.0,360.0,3.7704333333333335
17,30000dfcc8767369,train,rainbow,https://www.youtube.com/watch?v=WeAFuzYTdtU,https://www.youtube.com/watch?v=WeAFuzYTdtU,frames,54,165,1.804,5.512,D:\college\sem_mag_1\szum\videos_MS_ASL\msasl_train_30000dfcc8767369_frames.mp4,True,ok,,29.97002997002997,112.0,480.0,360.0,3.7370666666666668
18,104bf492224b3b07,train,rainbow,https://www.youtube.com/watch?v=WeAFuzYTdtU,https://www.youtube.com/watch?v=WeAFuzYTdtU,frames,174,269,5.813,8.986,D:\college\sem_mag_1\szum\videos_MS_ASL\msasl_train_104bf492224b3b07_frames.mp4,True,ok,,29.97002997002997,96.0,480.0,360.0,3.2032000000000003
19,9adadf39b5eb0daa,train,rainbow,https://www.youtube.com/watch?v=WeAFuzYTdtU,https://www.youtube.com/watch?v=WeAFuzYTdtU,frames,280,435,9.354,14.532,D:\college\sem_mag_1\szum\videos_MS_ASL\msasl_train_9adadf39b5eb0daa_frames.mp4,True,ok,,29.97002997002997,156.0,480.0,360.0,5.2052000000000005
20,99056d53a1baded4,train,letter,https://www.youtube.com/watch?v=sKbKzPIaFNA,https://www.youtube.com/watch?v=sKbKzPIaFNA,frames,0,73,0.0,2.92,D:\college\sem_mag_1\szum\videos_MS_ASL\msasl_train_99056d53a1baded4_frames.mp4,True,ok,,25.0,74.0,480.0,360.0,2.96
21,4fd8fa7a66b2fd0b,train,from,https://www.youtube.com/watch?v=fQ58eciJmCY,https://www.youtube.com/watch?v=fQ58eciJmCY,frames,0,68,0.0,2.267,D:\college\sem_mag_1\szum\videos_MS_ASL\msasl_train_4fd8fa7a66b2fd0b_frames.mp4,True,ok,,30.0,69.0,320.0,240.0,2.3
22,d2e8f65d24504db3,train,his,https://www.youtube.com/watch?v=GYWm0gdybFA,https://www.youtube.com/watch?v=GYWm0gdybFA,frames,0,108,0.0,3.6,D:\college\sem_mag_1\szum\videos_MS_ASL\msasl_train_d2e8f65d24504db3_frames.mp4,True,ok,,30.0,109.0,640.0,360.0,3.6333333333333333
23,468e6cc8070f26d0,train,hong kong,https://www.youtube.com/watch?v=PIfDfi4Qx60,https://www.youtube.com/watch?v=PIfDfi4Qx60,frames,0,72,0.0,2.402,D:\college\sem_mag_1\szum\videos_MS_ASL\msasl_train_468e6cc8070f26d0_frames.mp4,True,ok,,29.97002997002997,73.0,640.0,360.0,2.435766666666667
24,862850dc5d3f4ba7,train,every morning,https://www.youtube.com/watch?v=fv1nQoXRlsI,https://www.youtube.com/watch?v=fv1nQoXRlsI,frames,0,48,0.0,1.92,D:\college\sem_mag_1\szum\videos_MS_ASL\msasl_train_862850dc5d3f4ba7_frames.mp4,True,ok,,25.0,49.0,480.0,360.0,1.96
25,5cd64027d82e9404,train,france,https://www.youtube.com/watch?v=iJuIO4n0-VU,https://www.youtube.com/watch?v=iJuIO4n0-VU,frames,0,108,0.0,3.64,D:\college\sem_mag_1\szum\videos_MS_ASL\msasl_train_5cd64027d82e9404_frames.mp4,True,ok,,29.669,109.0,640.0,360.0,3.673868347433348
26,6eef0816eec9fe9d,train,give,https://www.youtube.com/watch?v=7G6B6kaMjb4,https://www.youtube.com/watch?v=7G6B6kaMjb4,frames,0,49,0.0,1.96,D:\college\sem_mag_1\szum\videos_MS_ASL\msasl_train_6eef0816eec9fe9d_frames.mp4,True,ok,,25.0,50.0,480.0,360.0,2.0
27,bd43ded8aeb3a7ee,train,shock,https://www.youtube.com/watch?v=XCiFsGrb_Nk,https://www.youtube.com/watch?v=XCiFsGrb_Nk,frames,0,75,0.0,2.502,D:\college\sem_mag_1\szum\videos_MS_ASL\msasl_train_bd43ded8aeb3a7ee_frames.mp4,True,ok,,29.97002997002997,76.0,640.0,360.0,2.5358666666666667
28,adde65d9d28349b4,train,puerto rico,https://www.youtube.com/watch?v=NNZD9RAgL4w,https://www.youtube.com/watch?v=NNZD9RAgL4w,frames,0,86,0.0,2.87,D:\college\sem_mag_1\szum\videos_MS_ASL\msasl_train_adde65d9d28349b4_frames.mp4,True,ok,,29.97002997002997,87.0,640.0,360.0,2.9029000000000003
29,dc7a45dd052aca34,train,portugal,www.youtube.com/watch?v=rYW7VFPi9_w,https://www.youtube.com/watch?v=rYW7VFPi9_w,frames,0,44,0.0,1.468,D:\college\sem_mag_1\szum\videos_MS_ASL\msasl_train_dc7a45dd052aca34_frames.mp4,False,failed,"Command '['yt-dlp', '--no-playlist', '-f', 'best[height<=720]/best[height<=480]/best', '-o', 'C:\\Users\\iwo\\AppData\\Local\\Temp\\msasl_v_kaig2v\\raw.%(ext)s', 'https://www.youtube.com/watch?v=rYW7VFPi9_w']' returned non-zero exit status 1.",,,,,
30,d7d3a4093e8dc4fa,train,breakfast,https://www.youtube.com/watch?v=bUezx9Zp16E,https://www.youtube.com/watch?v=bUezx9Zp16E,frames,0,73,0.0,2.92,D:\college\sem_mag_1\szum\videos_MS_ASL\msasl_train_d7d3a4093e8dc4fa_frames.mp4,True,ok,,25.0,72.0,640.0,360.0,2.88
31,cd11dad69fa0fbdd,train,day,https://www.youtube.com/watch?v=jQb9NL9_S6U,https://www.youtube.com/watch?v=jQb9NL9_S6U,frames,647,676,26.015,27.181,D:\college\sem_mag_1\szum\videos_MS_ASL\msasl_train_cd11dad69fa0fbdd_frames.mp4,True,ok,,25.0,30.0,640.0,358.0,1.2
32,0008b5ad447725f8,train,day,https://www.youtube.com/watch?v=jQb9NL9_S6U,https://www.youtube.com/watch?v=jQb9NL9_S6U,frames,676,731,27.181,29.393,D:\college\sem_mag_1\szum\videos_MS_ASL\msasl_train_0008b5ad447725f8_frames.mp4,True,ok,,25.0,56.0,640.0,358.0,2.24
33,8ad795b95ad0b439,train,day,https://www.youtube.com/watch?v=jQb9NL9_S6U,https://www.youtube.com/watch?v=jQb9NL9_S6U,frames,790,817,31.765,32.851,D:\college\sem_mag_1\szum\videos_MS_ASL\msasl_train_8ad795b95ad0b439_frames.mp4,True,ok,,25.0,28.0,640.0,358.0,1.12
34,583fedbafc496728,train,day,https://www.youtube.com/watch?v=jQb9NL9_S6U,https://www.youtube.com/watch?v=jQb9NL9_S6U,frames,1474,1501,59.268,60.354,D:\college\sem_mag_1\szum\videos_MS_ASL\msasl_train_583fedbafc496728_frames.mp4,True,ok,,25.0,28.0,640.0,358.0,1.12
35,f368ed3db7b23bbd,train,afternoon,https://www.youtube.com/watch?v=jQb9NL9_S6U,https://www.youtube.com/watch?v=jQb9NL9_S6U,frames,2115,2149,85.042,86.409,D:\college\sem_mag_1\szum\videos_MS_ASL\msasl_train_f368ed3db7b23bbd_frames.mp4,True,ok,,25.0,35.0,640.0,358.0,1.4
36,276d29cd6d02c032,train,afternoon,https://www.youtube.com/watch?v=jQb9NL9_S6U,https://www.youtube.com/watch?v=jQb9NL9_S6U,frames,2186,2269,87.897,91.234,D:\college\sem_mag_1\szum\videos_MS_ASL\msasl_train_276d29cd6d02c032_frames.mp4,True,ok,,25.0,84.0,640.0,358.0,3.36
37,c0b684d7282f9191,train,afternoon,https://www.youtube.com/watch?v=jQb9NL9_S6U,https://www.youtube.com/watch?v=jQb9NL9_S6U,frames,2293,2327,92.199,93.566,D:\college\sem_mag_1\szum\videos_MS_ASL\msasl_train_c0b684d7282f9191_frames.mp4,True,ok,,25.0,35.0,640.0,358.0,1.4
38,d2785ca6f09b40b9,train,happy,https://www.youtube.com/watch?v=jQb9NL9_S6U,https://www.youtube.com/watch?v=jQb9NL9_S6U,frames,4452,4527,179.01,182.026,D:\college\sem_mag_1\szum\videos_MS_ASL\msasl_train_d2785ca6f09b40b9_frames.mp4,True,ok,,25.0,76.0,640.0,358.0,3.04
39,5c5f0d2242b1062b,train,sad,https://www.youtube.com/watch?v=jQb9NL9_S6U,https://www.youtube.com/watch?v=jQb9NL9_S6U,frames,4797,4907,192.882,197.305,D:\college\sem_mag_1\szum\videos_MS_ASL\msasl_train_5c5f0d2242b1062b_frames.mp4,True,ok,,25.0,111.0,640.0,358.0,4.44
40,02fcc62988400584,train,sad,https://www.youtube.com/watch?v=jQb9NL9_S6U,https://www.youtube.com/watch?v=jQb9NL9_S6U,frames,4972,5010,199.919,201.447,D:\college\sem_mag_1\szum\videos_MS_ASL\msasl_train_02fcc62988400584_frames.mp4,True,ok,,25.0,39.0,640.0,358.0,1.56
41,f07050a028fc01ab,train,nervous,https://www.youtube.com/watch?v=jQb9NL9_S6U,https://www.youtube.com/watch?v=jQb9NL9_S6U,frames,5791,5836,232.85,234.659,D:\college\sem_mag_1\szum\videos_MS_ASL\msasl_train_f07050a028fc01ab_frames.mp4,True,ok,,25.0,46.0,640.0,358.0,1.84
42,331288221a7c6c87,train,nervous,https://www.youtube.com/watch?v=jQb9NL9_S6U,https://www.youtube.com/watch?v=jQb9NL9_S6U,frames,5938,5973,238.761,240.168,D:\college\sem_mag_1\szum\videos_MS_ASL\msasl_train_331288221a7c6c87_frames.mp4,True,ok,,25.0,36.0,640.0,358.0,1.44
43,1138b6cd43983d6d,train,upset,https://www.youtube.com/watch?v=jQb9NL9_S6U,https://www.youtube.com/watch?v=jQb9NL9_S6U,frames,6041,6208,242.902,249.617,D:\college\sem_mag_1\szum\videos_MS_ASL\msasl_train_1138b6cd43983d6d_frames.mp4,True,ok,,25.0,168.0,640.0,358.0,6.72
44,fd7ab3dd8780a3c6,train,want,https://www.youtube.com/watch?v=jQb9NL9_S6U,https://www.youtube.com/watch?v=jQb9NL9_S6U,frames,9594,9751,385.765,392.077,D:\college\sem_mag_1\szum\videos_MS_ASL\msasl_train_fd7ab3dd8780a3c6_frames.mp4,True,ok,,25.0,158.0,640.0,358.0,6.32
45,f0db0ace940971cb,train,know,https://www.youtube.com/watch?v=jQb9NL9_S6U,https://www.youtube.com/watch?v=jQb9NL9_S6U,frames,10041,10111,403.738,406.553,D:\college\sem_mag_1\szum\videos_MS_ASL\msasl_train_f0db0ace940971cb_frames.mp4,True,ok,,25.0,71.0,640.0,358.0,2.84
46,c772ad0c5c8e27da,train,know,https://www.youtube.com/watch?v=jQb9NL9_S6U,https://www.youtube.com/watch?v=jQb9NL9_S6U,frames,10145,10175,407.92,409.126,D:\college\sem_mag_1\szum\videos_MS_ASL\msasl_train_c772ad0c5c8e27da_frames.mp4,True,ok,,25.0,31.0,640.0,358.0,1.24
47,2256d6acae5905cb,train,must,https://www.youtube.com/watch?v=jQb9NL9_S6U,https://www.youtube.com/watch?v=jQb9NL9_S6U,frames,10780,10870,433.452,437.071,D:\college\sem_mag_1\szum\videos_MS_ASL\msasl_train_2256d6acae5905cb_frames.mp4,True,ok,,25.0,91.0,640.0,358.0,3.64
48,162fcf8388bce3df,train,how,https://www.youtube.com/watch?v=jQb9NL9_S6U,https://www.youtube.com/watch?v=jQb9NL9_S6U,frames,12166,12357,489.182,496.862,D:\college\sem_mag_1\szum\videos_MS_ASL\msasl_train_162fcf8388bce3df_frames.mp4,True,ok,,25.0,192.0,640.0,358.0,7.68
49,a9618b9c240a46e1,train,wow,https://www.youtube.com/watch?v=jQb9NL9_S6U,https://www.youtube.com/watch?v=jQb9NL9_S6U,frames,15226,15409,612.221,619.58,D:\college\sem_mag_1\szum\videos_MS_ASL\msasl_train_a9618b9c240a46e1_frames.mp4,True,ok,,25.0,184.0,640.0,358.0,7.36
50,f793eaec4460da11,train,wow,https://www.youtube.com/watch?v=jQb9NL9_S6U,https://www.youtube.com/watch?v=jQb9NL9_S6U,seconds,15411,15459,619.66,621.59,D:\college\sem_mag_1\szum\videos_MS_ASL\msasl_train_f793eaec4460da11_seconds.mp4,True,ok,,25.0,49.0,640.0,358.0,1.96
51,5d25363b540e1c1f,train,pass,https://www.youtube.com/watch?v=jQb9NL9_S6U,https://www.youtube.com/watch?v=jQb9NL9_S6U,seconds,17138,17161,689.101,690.026,D:\college\sem_mag_1\szum\videos_MS_ASL\msasl_train_5d25363b540e1c1f_seconds.mp4,True,ok,,25.0,24.0,640.0,358.0,0.96
52,39428f27c0c5ddff,train,pass,https://www.youtube.com/watch?v=jQb9NL9_S6U,https://www.youtube.com/watch?v=jQb9NL9_S6U,seconds,17190,17304,691.192,695.776,D:\college\sem_mag_1\szum\videos_MS_ASL\msasl_train_39428f27c0c5ddff_seconds.mp4,True,ok,,25.0,115.0,640.0,358.0,4.6
53,21aafbe91901d782,train,think,https://www.youtube.com/watch?v=Y5q-PccHNHo,https://www.youtube.com/watch?v=Y5q-PccHNHo,seconds,0,77,0.0,2.569,D:\college\sem_mag_1\szum\videos_MS_ASL\msasl_train_21aafbe91901d782_seconds.mp4,True,ok,,29.97002997002997,77.0,540.0,360.0,2.5692333333333335
54,cb4a1ee35a54b12b,train,yellow,https://www.youtube.com/watch?v=0Beq_NIDj2c,https://www.youtube.com/watch?v=0Beq_NIDj2c,seconds,10,60,0.334,2.002,D:\college\sem_mag_1\szum\videos_MS_ASL\msasl_train_cb4a1ee35a54b12b_seconds.mp4,False,failed,"Command '['yt-dlp', '--no-playlist', '-f', 'best[height<=720]/best[height<=480]/best', '-o', 'C:\\Users\\iwo\\AppData\\Local\\Temp\\msasl_7qfgqnea\\raw.%(ext)s', 'https://www.youtube.com/watch?v=0Beq_NIDj2c']' returned non-zero exit status 1.",,,,,
55,2359d53bc084c0ea,train,yellow,https://www.youtube.com/watch?v=0Beq_NIDj2c,https://www.youtube.com/watch?v=0Beq_NIDj2c,seconds,90,160,3.003,5.339,D:\college\sem_mag_1\szum\videos_MS_ASL\msasl_train_2359d53bc084c0ea_seconds.mp4,False,failed,"Command '['yt-dlp', '--no-playlist', '-f', 'best[height<=720]/best[height<=480]/best', '-o', 'C:\\Users\\iwo\\AppData\\Local\\Temp\\msasl_b9n7wf_p\\raw.%(ext)s', 'https://www.youtube.com/watch?v=0Beq_NIDj2c']' returned non-zero exit status 1.",,,,,
56,725652d26e3a1fa4,train,teacher,https://www.youtube.com/watch?v=_HOx2QkkTsg,https://www.youtube.com/watch?v=_HOx2QkkTsg,seconds,419,464,13.995,15.498,D:\college\sem_mag_1\szum\videos_MS_ASL\msasl_train_725652d26e3a1fa4_seconds.mp4,True,ok,,29.97002997002997,46.0,480.0,360.0,1.5348666666666666
57,3e190f81afa10188,train,teacher,https://www.youtube.com/watch?v=_HOx2QkkTsg,https://www.youtube.com/watch?v=_HOx2QkkTsg,seconds,464,510,15.498,17.034,D:\college\sem_mag_1\szum\videos_MS_ASL\msasl_train_3e190f81afa10188_seconds.mp4,True,ok,,29.97002997002997,47.0,480.0,360.0,1.5682333333333334
58,c846415e3711d3fb,train,deaf,www.youtube.com/watch?v=IgT0jDp56ZM,https://www.youtube.com/watch?v=IgT0jDp56ZM,seconds,0,107,0.0,3.577,D:\college\sem_mag_1\szum\videos_MS_ASL\msasl_train_c846415e3711d3fb_seconds.mp4,True,ok,,29.97002997002997,108.0,640.0,360.0,3.6036
59,993c0050918545b4,train,university,https://www.youtube.com/watch?v=jrQalROeZtg,https://www.youtube.com/watch?v=jrQalROeZtg,seconds,0,96,0.0,3.2,D:\college\sem_mag_1\szum\videos_MS_ASL\msasl_train_993c0050918545b4_seconds.mp4,True,ok,,30.0,96.0,640.0,360.0,3.2
60,f58f8c9387893f6b,train,fix,https://www.youtube.com/watch?v=FL6MaUJmIkA,https://www.youtube.com/watch?v=FL6MaUJmIkA,seconds,0,79,0.0,2.636,D:\college\sem_mag_1\szum\videos_MS_ASL\msasl_train_f58f8c9387893f6b_seconds.mp4,True,ok,,29.97002997002997,80.0,640.0,360.0,2.6693333333333333
61,c2233f6ff1e04692,train,clock,https://www.youtube.com/watch?v=pAoM56DCisM,https://www.youtube.com/watch?v=pAoM56DCisM,seconds,0,77,0.0,2.569,D:\college\sem_mag_1\szum\videos_MS_ASL\msasl_train_c2233f6ff1e04692_seconds.mp4,True,ok,,29.97002997002997,77.0,640.0,360.0,2.5692333333333335
62,4c5fc79ecb45bdca,train,there,https://www.youtube.com/watch?v=5WevUel4BPk,https://www.youtube.com/watch?v=5WevUel4BPk,seconds,0,148,0.0,5.0,D:\college\sem_mag_1\szum\videos_MS_ASL\msasl_train_4c5fc79ecb45bdca_seconds.mp4,True,ok,,29.583333333333332,149.0,640.0,360.0,5.0366197183098596
63,b6381919c630e2f5,train,next week,https://www.youtube.com/watch?v=I1o0fccwWSg,https://www.youtube.com/watch?v=I1o0fccwWSg,seconds,0,116,0.0,3.913,D:\college\sem_mag_1\szum\videos_MS_ASL\msasl_train_b6381919c630e2f5_seconds.mp4,True,ok,,29.645,116.0,640.0,360.0,3.9129701467363804
64,6feb50fc567bdcc9,train,again,www.youtube.com/watch?v=AoQAPgEUIAs,https://www.youtube.com/watch?v=AoQAPgEUIAs,seconds,0,117,0.0,3.9,D:\college\sem_mag_1\szum\videos_MS_ASL\msasl_train_6feb50fc567bdcc9_seconds.mp4,False,failed,"Command '['yt-dlp', '--no-playlist', '-f', 'best[height<=720]/best[height<=480]/best', '-o', 'C:\\Users\\iwo\\AppData\\Local\\Temp\\msasl_sk6t6ry8\\raw.%(ext)s', 'https://www.youtube.com/watch?v=AoQAPgEUIAs']' returned non-zero exit status 1.",,,,,
65,09a27a3c8fcbd762,train,sick,https://www.youtube.com/watch?v=NBqpHJiufXU,https://www.youtube.com/watch?v=NBqpHJiufXU,seconds,0,78,0.0,2.603,D:\college\sem_mag_1\szum\videos_MS_ASL\msasl_train_09a27a3c8fcbd762_seconds.mp4,True,ok,,29.97002997002997,79.0,640.0,360.0,2.6359666666666666
66,3d51474fd3cf6f07,train,meat,https://www.youtube.com/watch?v=Bn7j1v1ksl0,https://www.youtube.com/watch?v=Bn7j1v1ksl0,seconds,0,90,0.0,3.6,D:\college\sem_mag_1\szum\videos_MS_ASL\msasl_train_3d51474fd3cf6f07_seconds.mp4,True,ok,,25.0,90.0,480.0,360.0,3.6
67,afe90a7027a5893f,train,important,https://www.youtube.com/watch?v=V_dT923VQ70,https://www.youtube.com/watch?v=V_dT923VQ70,seconds,0,75,0.0,2.502,D:\college\sem_mag_1\szum\videos_MS_ASL\msasl_train_afe90a7027a5893f_seconds.mp4,True,ok,,29.97002997002997,75.0,640.0,360.0,2.5025
68,1c108eae3e00613e,train,football,www.youtube.com/watch?v=25BrmaKbzYo,https://www.youtube.com/watch?v=25BrmaKbzYo,seconds,0,116,0.0,3.871,D:\college\sem_mag_1\szum\videos_MS_ASL\msasl_train_1c108eae3e00613e_seconds.mp4,False,failed,"Command '['yt-dlp', '--no-playlist', '-f', 'best[height<=720]/best[height<=480]/best', '-o', 'C:\\Users\\iwo\\AppData\\Local\\Temp\\msasl_mh_50vca\\raw.%(ext)s', 'https://www.youtube.com/watch?v=25BrmaKbzYo']' returned non-zero exit status 1.",,,,,
69,366dcfc6bffce4cd,train,mother,https://www.youtube.com/watch?v=htsdwxJ-fTo,https://www.youtube.com/watch?v=htsdwxJ-fTo,seconds,144,198,4.805,6.607,D:\college\sem_mag_1\szum\videos_MS_ASL\msasl_train_366dcfc6bffce4cd_seconds.mp4,False,failed,"Command '['yt-dlp', '--no-playlist', '-f', 'best[height<=720]/best[height<=480]/best', '-o', 'C:\\Users\\iwo\\AppData\\Local\\Temp\\msasl_npo_gzme\\raw.%(ext)s', 'https://www.youtube.com/watch?v=htsdwxJ-fTo']' returned non-zero exit status 1.",,,,,
70,009a3367604e3695,train,father,https://www.youtube.com/watch?v=htsdwxJ-fTo,https://www.youtube.com/watch?v=htsdwxJ-fTo,seconds,216,284,7.207,9.476,D:\college\sem_mag_1\szum\videos_MS_ASL\msasl_train_009a3367604e3695_seconds.mp4,False,failed,"Command '['yt-dlp', '--no-playlist', '-f', 'best[height<=720]/best[height<=480]/best', '-o', 'C:\\Users\\iwo\\AppData\\Local\\Temp\\msasl__cs9zwyz\\raw.%(ext)s', 'https://www.youtube.com/watch?v=htsdwxJ-fTo']' returned non-zero exit status 1.",,,,,
71,40cd5cfafb4100be,train,milk,https://www.youtube.com/watch?v=htsdwxJ-fTo,https://www.youtube.com/watch?v=htsdwxJ-fTo,seconds,302,369,10.077,12.312,D:\college\sem_mag_1\szum\videos_MS_ASL\msasl_train_40cd5cfafb4100be_seconds.mp4,False,failed,"Command '['yt-dlp', '--no-playlist', '-f', 'best[height<=720]/best[height<=480]/best', '-o', 'C:\\Users\\iwo\\AppData\\Local\\Temp\\msasl_4djr01fw\\raw.%(ext)s', 'https://www.youtube.com/watch?v=htsdwxJ-fTo']' returned non-zero exit status 1.",,,,,
72,774eb37e583e7057,train,eat,https://www.youtube.com/watch?v=htsdwxJ-fTo,https://www.youtube.com/watch?v=htsdwxJ-fTo,seconds,387,452,12.913,15.082,D:\college\sem_mag_1\szum\videos_MS_ASL\msasl_train_774eb37e583e7057_seconds.mp4,False,failed,"Command '['yt-dlp', '--no-playlist', '-f', 'best[height<=720]/best[height<=480]/best', '-o', 'C:\\Users\\iwo\\AppData\\Local\\Temp\\msasl_1l40s98l\\raw.%(ext)s', 'https://www.youtube.com/watch?v=htsdwxJ-fTo']' returned non-zero exit status 1.",,,,,
73,752c1f0f414af9cd,train,drink,https://www.youtube.com/watch?v=htsdwxJ-fTo,https://www.youtube.com/watch?v=htsdwxJ-fTo,seconds,470,511,15.682,17.05,D:\college\sem_mag_1\szum\videos_MS_ASL\msasl_train_752c1f0f414af9cd_seconds.mp4,False,failed,"Command '['yt-dlp', '--no-playlist', '-f', 'best[height<=720]/best[height<=480]/best', '-o', 'C:\\Users\\iwo\\AppData\\Local\\Temp\\msasl_nhq8pbak\\raw.%(ext)s', 'https://www.youtube.com/watch?v=htsdwxJ-fTo']' returned non-zero exit status 1.",,,,,
74,7ea3b918824896fa,train,hot,https://www.youtube.com/watch?v=htsdwxJ-fTo,https://www.youtube.com/watch?v=htsdwxJ-fTo,seconds,529,596,17.651,19.887,D:\college\sem_mag_1\szum\videos_MS_ASL\msasl_train_7ea3b918824896fa_seconds.mp4,False,failed,"Command '['yt-dlp', '--no-playlist', '-f', 'best[height<=720]/best[height<=480]/best', '-o', 'C:\\Users\\iwo\\AppData\\Local\\Temp\\msasl_8wdwntmr\\raw.%(ext)s', 'https://www.youtube.com/watch?v=htsdwxJ-fTo']' returned non-zero exit status 1.",,,,,
75,b58629771b023386,train,cold,https://www.youtube.com/watch?v=htsdwxJ-fTo,https://www.youtube.com/watch?v=htsdwxJ-fTo,seconds,615,685,20.521,22.856,D:\college\sem_mag_1\szum\videos_MS_ASL\msasl_train_b58629771b023386_seconds.mp4,False,failed,"Command '['yt-dlp', '--no-playlist', '-f', 'best[height<=720]/best[height<=480]/best', '-o', 'C:\\Users\\iwo\\AppData\\Local\\Temp\\msasl_oguy_ffl\\raw.%(ext)s', 'https://www.youtube.com/watch?v=htsdwxJ-fTo']' returned non-zero exit status 1.",,,,,
76,91fd0bea2a45e8da,train,more,https://www.youtube.com/watch?v=htsdwxJ-fTo,https://www.youtube.com/watch?v=htsdwxJ-fTo,seconds,703,756,23.457,25.225,D:\college\sem_mag_1\szum\videos_MS_ASL\msasl_train_91fd0bea2a45e8da_seconds.mp4,False,failed,"Command '['yt-dlp', '--no-playlist', '-f', 'best[height<=720]/best[height<=480]/best', '-o', 'C:\\Users\\iwo\\AppData\\Local\\Temp\\msasl_h02wbfeq\\raw.%(ext)s', 'https://www.youtube.com/watch?v=htsdwxJ-fTo']' returned non-zero exit status 1.",,,,,
77,ceeb974c71093150,train,help,https://www.youtube.com/watch?v=htsdwxJ-fTo,https://www.youtube.com/watch?v=htsdwxJ-fTo,seconds,774,837,25.826,27.928,D:\college\sem_mag_1\szum\videos_MS_ASL\msasl_train_ceeb974c71093150_seconds.mp4,False,failed,"Command '['yt-dlp', '--no-playlist', '-f', 'best[height<=720]/best[height<=480]/best', '-o', 'C:\\Users\\iwo\\AppData\\Local\\Temp\\msasl_hr7s301r\\raw.%(ext)s', 'https://www.youtube.com/watch?v=htsdwxJ-fTo']' returned non-zero exit status 1.",,,,,
78,d28cd3ecfb8aa80c,train,clothes,https://www.youtube.com/watch?v=htsdwxJ-fTo,https://www.youtube.com/watch?v=htsdwxJ-fTo,seconds,928,992,30.964,33.1,D:\college\sem_mag_1\szum\videos_MS_ASL\msasl_train_d28cd3ecfb8aa80c_seconds.mp4,False,failed,"Command '['yt-dlp', '--no-playlist', '-f', 'best[height<=720]/best[height<=480]/best', '-o', 'C:\\Users\\iwo\\AppData\\Local\\Temp\\msasl_2t4jbb6j\\raw.%(ext)s', 'https://www.youtube.com/watch?v=htsdwxJ-fTo']' returned non-zero exit status 1.",,,,,
79,50605b25ef53d52c,train,you,https://www.youtube.com/watch?v=htsdwxJ-fTo,https://www.youtube.com/watch?v=htsdwxJ-fTo,seconds,1241,1301,41.408,43.41,D:\college\sem_mag_1\szum\videos_MS_ASL\msasl_train_50605b25ef53d52c_seconds.mp4,False,failed,"Command '['yt-dlp', '--no-playlist', '-f', 'best[height<=720]/best[height<=480]/best', '-o', 'C:\\Users\\iwo\\AppData\\Local\\Temp\\msasl_5_4yenpp\\raw.%(ext)s', 'https://www.youtube.com/watch?v=htsdwxJ-fTo']' returned non-zero exit status 1.",,,,,
80,aae5100f6918b4b2,train,your,https://www.youtube.com/watch?v=htsdwxJ-fTo,https://www.youtube.com/watch?v=htsdwxJ-fTo,seconds,1320,1381,44.044,46.079,D:\college\sem_mag_1\szum\videos_MS_ASL\msasl_train_aae5100f6918b4b2_seconds.mp4,False,failed,"Command '['yt-dlp', '--no-playlist', '-f', 'best[height<=720]/best[height<=480]/best', '-o', 'C:\\Users\\iwo\\AppData\\Local\\Temp\\msasl_1buhva25\\raw.%(ext)s', 'https://www.youtube.com/watch?v=htsdwxJ-fTo']' returned non-zero exit status 1.",,,,,
81,20bb6a5c545b97b8,train,down,https://www.youtube.com/watch?v=htsdwxJ-fTo,https://www.youtube.com/watch?v=htsdwxJ-fTo,seconds,1481,1558,49.416,51.985,D:\college\sem_mag_1\szum\videos_MS_ASL\msasl_train_20bb6a5c545b97b8_seconds.mp4,False,failed,"Command '['yt-dlp', '--no-playlist', '-f', 'best[height<=720]/best[height<=480]/best', '-o', 'C:\\Users\\iwo\\AppData\\Local\\Temp\\msasl_7brhh206\\raw.%(ext)s', 'https://www.youtube.com/watch?v=htsdwxJ-fTo']' returned non-zero exit status 1.",,,,,
82,e64d073e2e236fd1,train,hurt,https://www.youtube.com/watch?v=htsdwxJ-fTo,https://www.youtube.com/watch?v=htsdwxJ-fTo,seconds,1576,1649,52.586,55.022,D:\college\sem_mag_1\szum\videos_MS_ASL\msasl_train_e64d073e2e236fd1_seconds.mp4,False,failed,"Command '['yt-dlp', '--no-playlist', '-f', 'best[height<=720]/best[height<=480]/best', '-o', 'C:\\Users\\iwo\\AppData\\Local\\Temp\\msasl_01qtsy1w\\raw.%(ext)s', 'https://www.youtube.com/watch?v=htsdwxJ-fTo']' returned non-zero exit status 1.",,,,,
83,808707cba6ef9cec,train,again,https://www.youtube.com/watch?v=htsdwxJ-fTo,https://www.youtube.com/watch?v=htsdwxJ-fTo,seconds,1667,1739,55.622,58.025,D:\college\sem_mag_1\szum\videos_MS_ASL\msasl_train_808707cba6ef9cec_seconds.mp4,False,failed,"Command '['yt-dlp', '--no-playlist', '-f', 'best[height<=720]/best[height<=480]/best', '-o', 'C:\\Users\\iwo\\AppData\\Local\\Temp\\msasl_wuw551od\\raw.%(ext)s', 'https://www.youtube.com/watch?v=htsdwxJ-fTo']' returned non-zero exit status 1.",,,,,
84,27de39c4ca8affb6,train,want,https://www.youtube.com/watch?v=htsdwxJ-fTo,https://www.youtube.com/watch?v=htsdwxJ-fTo,seconds,1758,1823,58.659,60.827,D:\college\sem_mag_1\szum\videos_MS_ASL\msasl_train_27de39c4ca8affb6_seconds.mp4,False,failed,"Command '['yt-dlp', '--no-playlist', '-f', 'best[height<=720]/best[height<=480]/best', '-o', 'C:\\Users\\iwo\\AppData\\Local\\Temp\\msasl_o7cm1d3w\\raw.%(ext)s', 'https://www.youtube.com/watch?v=htsdwxJ-fTo']' returned non-zero exit status 1.",,,,,
85,dec4d2797104bb4f,train,like,https://www.youtube.com/watch?v=htsdwxJ-fTo,https://www.youtube.com/watch?v=htsdwxJ-fTo,seconds,1841,1918,61.428,63.997,D:\college\sem_mag_1\szum\videos_MS_ASL\msasl_train_dec4d2797104bb4f_seconds.mp4,False,failed,"Command '['yt-dlp', '--no-playlist', '-f', 'best[height<=720]/best[height<=480]/best', '-o', 'C:\\Users\\iwo\\AppData\\Local\\Temp\\msasl_watfql89\\raw.%(ext)s', 'https://www.youtube.com/watch?v=htsdwxJ-fTo']' returned non-zero exit status 1.",,,,,
86,57f8eef1daa95b61,train,not like,https://www.youtube.com/watch?v=htsdwxJ-fTo,https://www.youtube.com/watch?v=htsdwxJ-fTo,seconds,1938,2009,64.665,67.034,D:\college\sem_mag_1\szum\videos_MS_ASL\msasl_train_57f8eef1daa95b61_seconds.mp4,False,failed,"Command '['yt-dlp', '--no-playlist', '-f', 'best[height<=720]/best[height<=480]/best', '-o', 'C:\\Users\\iwo\\AppData\\Local\\Temp\\msasl_b6fw2arb\\raw.%(ext)s', 'https://www.youtube.com/watch?v=htsdwxJ-fTo']' returned non-zero exit status 1.",,,,,
87,a2b420eccaea2f2d,train,mad,https://www.youtube.com/watch?v=htsdwxJ-fTo,https://www.youtube.com/watch?v=htsdwxJ-fTo,seconds,2027,2097,67.634,69.97,D:\college\sem_mag_1\szum\videos_MS_ASL\msasl_train_a2b420eccaea2f2d_seconds.mp4,False,failed,"Command '['yt-dlp', '--no-playlist', '-f', 'best[height<=720]/best[height<=480]/best', '-o', 'C:\\Users\\iwo\\AppData\\Local\\Temp\\msasl_yrg4sggs\\raw.%(ext)s', 'https://www.youtube.com/watch?v=htsdwxJ-fTo']' returned non-zero exit status 1.",,,,,
88,a7c4bcd53aadac16,train,funny,https://www.youtube.com/watch?v=htsdwxJ-fTo,https://www.youtube.com/watch?v=htsdwxJ-fTo,seconds,2204,2270,73.54,75.742,D:\college\sem_mag_1\szum\videos_MS_ASL\msasl_train_a7c4bcd53aadac16_seconds.mp4,False,failed,"Command '['yt-dlp', '--no-playlist', '-f', 'best[height<=720]/best[height<=480]/best', '-o', 'C:\\Users\\iwo\\AppData\\Local\\Temp\\msasl_w9cfnami\\raw.%(ext)s', 'https://www.youtube.com/watch?v=htsdwxJ-fTo']' returned non-zero exit status 1.",,,,,
89,207afbcf8e28805b,train,silly,https://www.youtube.com/watch?v=htsdwxJ-fTo,https://www.youtube.com/watch?v=htsdwxJ-fTo,seconds,2288,2355,76.343,78.579,D:\college\sem_mag_1\szum\videos_MS_ASL\msasl_train_207afbcf8e28805b_seconds.mp4,False,failed,"Command '['yt-dlp', '--no-playlist', '-f', 'best[height<=720]/best[height<=480]/best', '-o', 'C:\\Users\\iwo\\AppData\\Local\\Temp\\msasl_ppij6gh0\\raw.%(ext)s', 'https://www.youtube.com/watch?v=htsdwxJ-fTo']' returned non-zero exit status 1.",,,,,
90,49bfb9f8948baa2a,train,sad,https://www.youtube.com/watch?v=htsdwxJ-fTo,https://www.youtube.com/watch?v=htsdwxJ-fTo,seconds,2374,2432,79.212,81.148,D:\college\sem_mag_1\szum\videos_MS_ASL\msasl_train_49bfb9f8948baa2a_seconds.mp4,False,failed,"Command '['yt-dlp', '--no-playlist', '-f', 'best[height<=720]/best[height<=480]/best', '-o', 'C:\\Users\\iwo\\AppData\\Local\\Temp\\msasl_zuwcbk3x\\raw.%(ext)s', 'https://www.youtube.com/watch?v=htsdwxJ-fTo']' returned non-zero exit status 1.",,,,,
91,2a2ad9acb8af00ed,train,hungry,https://www.youtube.com/watch?v=htsdwxJ-fTo,https://www.youtube.com/watch?v=htsdwxJ-fTo,seconds,2453,2524,81.848,84.217,D:\college\sem_mag_1\szum\videos_MS_ASL\msasl_train_2a2ad9acb8af00ed_seconds.mp4,False,failed,"Command '['yt-dlp', '--no-playlist', '-f', 'best[height<=720]/best[height<=480]/best', '-o', 'C:\\Users\\iwo\\AppData\\Local\\Temp\\msasl_0hgcjgrd\\raw.%(ext)s', 'https://www.youtube.com/watch?v=htsdwxJ-fTo']' returned non-zero exit status 1.",,,,,
92,b876e5baa9010ef1,train,full,https://www.youtube.com/watch?v=htsdwxJ-fTo,https://www.youtube.com/watch?v=htsdwxJ-fTo,seconds,2542,2605,84.818,86.92,D:\college\sem_mag_1\szum\videos_MS_ASL\msasl_train_b876e5baa9010ef1_seconds.mp4,False,failed,"Command '['yt-dlp', '--no-playlist', '-f', 'best[height<=720]/best[height<=480]/best', '-o', 'C:\\Users\\iwo\\AppData\\Local\\Temp\\msasl_ivinh8tp\\raw.%(ext)s', 'https://www.youtube.com/watch?v=htsdwxJ-fTo']' returned non-zero exit status 1.",,,,,
93,4208293910481a43,train,tired,https://www.youtube.com/watch?v=htsdwxJ-fTo,https://www.youtube.com/watch?v=htsdwxJ-fTo,seconds,2695,2763,89.923,92.192,D:\college\sem_mag_1\szum\videos_MS_ASL\msasl_train_4208293910481a43_seconds.mp4,False,failed,"Command '['yt-dlp', '--no-playlist', '-f', 'best[height<=720]/best[height<=480]/best', '-o', 'C:\\Users\\iwo\\AppData\\Local\\Temp\\msasl_jg2726_6\\raw.%(ext)s', 'https://www.youtube.com/watch?v=htsdwxJ-fTo']' returned non-zero exit status 1.",,,,,
94,2d4debfee7dd99ea,train,where,https://www.youtube.com/watch?v=htsdwxJ-fTo,https://www.youtube.com/watch?v=htsdwxJ-fTo,seconds,2781,2849,92.793,95.062,D:\college\sem_mag_1\szum\videos_MS_ASL\msasl_train_2d4debfee7dd99ea_seconds.mp4,False,failed,"Command '['yt-dlp', '--no-playlist', '-f', 'best[height<=720]/best[height<=480]/best', '-o', 'C:\\Users\\iwo\\AppData\\Local\\Temp\\msasl_qquyceev\\raw.%(ext)s', 'https://www.youtube.com/watch?v=htsdwxJ-fTo']' returned non-zero exit status 1.",,,,,
95,81021f0573577cb0,train,book,https://www.youtube.com/watch?v=htsdwxJ-fTo,https://www.youtube.com/watch?v=htsdwxJ-fTo,seconds,2868,2925,95.696,97.597,D:\college\sem_mag_1\szum\videos_MS_ASL\msasl_train_81021f0573577cb0_seconds.mp4,False,failed,"Command '['yt-dlp', '--no-playlist', '-f', 'best[height<=720]/best[height<=480]/best', '-o', 'C:\\Users\\iwo\\AppData\\Local\\Temp\\msasl_w06f1hwo\\raw.%(ext)s', 'https://www.youtube.com/watch?v=htsdwxJ-fTo']' returned non-zero exit status 1.",,,,,
96,718af4149fb509bb,train,dirty,https://www.youtube.com/watch?v=htsdwxJ-fTo,https://www.youtube.com/watch?v=htsdwxJ-fTo,seconds,2944,2999,98.231,100.067,D:\college\sem_mag_1\szum\videos_MS_ASL\msasl_train_718af4149fb509bb_seconds.mp4,False,failed,"Command '['yt-dlp', '--no-playlist', '-f', 'best[height<=720]/best[height<=480]/best', '-o', 'C:\\Users\\iwo\\AppData\\Local\\Temp\\msasl_rxf53qgj\\raw.%(ext)s', 'https://www.youtube.com/watch?v=htsdwxJ-fTo']' returned non-zero exit status 1.",,,,,
97,7a59d5b10a573083,train,play,https://www.youtube.com/watch?v=htsdwxJ-fTo,https://www.youtube.com/watch?v=htsdwxJ-fTo,seconds,3017,3088,100.667,103.036,D:\college\sem_mag_1\szum\videos_MS_ASL\msasl_train_7a59d5b10a573083_seconds.mp4,False,failed,"Command '['yt-dlp', '--no-playlist', '-f', 'best[height<=720]/best[height<=480]/best', '-o', 'C:\\Users\\iwo\\AppData\\Local\\Temp\\msasl_hkzb4r8r\\raw.%(ext)s', 'https://www.youtube.com/watch?v=htsdwxJ-fTo']' returned non-zero exit status 1.",,,,,
98,e44219dde9d3efcd,train,outside,https://www.youtube.com/watch?v=htsdwxJ-fTo,https://www.youtube.com/watch?v=htsdwxJ-fTo,seconds,3107,3179,103.67,106.073,D:\college\sem_mag_1\szum\videos_MS_ASL\msasl_train_e44219dde9d3efcd_seconds.mp4,False,failed,"Command '['yt-dlp', '--no-playlist', '-f', 'best[height<=720]/best[height<=480]/best', '-o', 'C:\\Users\\iwo\\AppData\\Local\\Temp\\msasl_umd7xnl8\\raw.%(ext)s', 'https://www.youtube.com/watch?v=htsdwxJ-fTo']' returned non-zero exit status 1.",,,,,
99,98e1f812759f86a3,train,home,https://www.youtube.com/watch?v=htsdwxJ-fTo,https://www.youtube.com/watch?v=htsdwxJ-fTo,seconds,3199,3260,106.74,108.775,D:\college\sem_mag_1\szum\videos_MS_ASL\msasl_train_98e1f812759f86a3_seconds.mp4,False,failed,"Command '['yt-dlp', '--no-playlist', '-f', 'best[height<=720]/best[height<=480]/best', '-o', 'C:\\Users\\iwo\\AppData\\Local\\Temp\\msasl_9d8zvddd\\raw.%(ext)s', 'https://www.youtube.com/watch?v=htsdwxJ-fTo']' returned non-zero exit status 1.",,,,,
