label,source,video_path,start_frame,end_frame,length_frames,duration_sec,fps,signer_id,has_video,video_width,video_height
match,msasl,D:\college\sem_mag_1\szum\MS-ASL\videos_MS_ASL_raw\msasl_raw_C37R_Ix8-qs.mp4,0,83,84.0,2.767,30.0,0,True,640.0,360.0
fail,msasl,D:\college\sem_mag_1\szum\MS-ASL\videos_MS_ASL_raw\msasl_raw_PIsUJl8BN_I.mp4,0,74,75.0,2.96,25.0,0,True,480.0,360.0
book,msasl,D:\college\sem_mag_1\szum\MS-ASL\videos_MS_ASL_raw\msasl_raw_J7tP98oDxqE.mp4,0,66,67.0,2.64,25.0,0,True,480.0,360.0
sign language,msasl,D:\college\sem_mag_1\szum\MS-ASL\videos_MS_ASL_raw\msasl_raw_N2mG9ZKjrGA.mp4,0,75,76.0,2.502,29.97,0,True,640.0,360.0
easter,msasl,D:\college\sem_mag_1\szum\MS-ASL\videos_MS_ASL_raw\msasl_raw_SVWABYmFdhs.mp4,0,116,117.0,3.92,29.595,2,True,640.0,360.0
boring,msasl,D:\college\sem_mag_1\szum\MS-ASL\videos_MS_ASL_raw\msasl_raw_CYx7qm62Zwo.mp4,0,71,72.0,2.84,25.0,13,True,640.0,360.0
phone,msasl,D:\college\sem_mag_1\szum\MS-ASL\videos_MS_ASL_raw\msasl_raw_HPz_C5XM4o4.mp4,0,56,57.0,1.889,29.651,2,True,640.0,360.0
phone,msasl,D:\college\sem_mag_1\szum\MS-ASL\videos_MS_ASL_raw\msasl_raw_HPz_C5XM4o4.mp4,73,123,51.0,1.6859999999999995,29.651,2,True,640.0,360.0
phone,msasl,D:\college\sem_mag_1\szum\MS-ASL\videos_MS_ASL_raw\msasl_raw_HPz_C5XM4o4.mp4,148,196,49.0,1.6190000000000009,29.651,2,True,640.0,360.0
library,msasl,D:\college\sem_mag_1\szum\MS-ASL\videos_MS_ASL_raw\msasl_raw_S2cqitZ0qes.mp4,0,73,74.0,2.92,25.0,0,True,480.0,360.0
cochlear implant,msasl,D:\college\sem_mag_1\szum\MS-ASL\videos_MS_ASL_raw\msasl_raw_I_QDeKcyvns.mp4,0,112,113.0,3.737,29.97,0,True,1280.0,720.0
rainbow,msasl,D:\college\sem_mag_1\szum\MS-ASL\videos_MS_ASL_raw\msasl_raw_WeAFuzYTdtU.mp4,54,165,112.0,3.7079999999999993,29.934,144,True,480.0,360.0
rainbow,msasl,D:\college\sem_mag_1\szum\MS-ASL\videos_MS_ASL_raw\msasl_raw_WeAFuzYTdtU.mp4,174,269,96.0,3.173000000000001,29.934,144,True,480.0,360.0
rainbow,msasl,D:\college\sem_mag_1\szum\MS-ASL\videos_MS_ASL_raw\msasl_raw_WeAFuzYTdtU.mp4,280,435,156.0,5.178000000000001,29.934,144,True,480.0,360.0
letter,msasl,D:\college\sem_mag_1\szum\MS-ASL\videos_MS_ASL_raw\msasl_raw_sKbKzPIaFNA.mp4,0,73,74.0,2.92,25.0,0,True,480.0,360.0
from,msasl,D:\college\sem_mag_1\szum\MS-ASL\videos_MS_ASL_raw\msasl_raw_fQ58eciJmCY.mp4,0,68,69.0,2.267,30.0,0,True,320.0,240.0
his,msasl,D:\college\sem_mag_1\szum\MS-ASL\videos_MS_ASL_raw\msasl_raw_GYWm0gdybFA.mp4,0,108,109.0,3.6,30.0,62,True,640.0,360.0
hong kong,msasl,D:\college\sem_mag_1\szum\MS-ASL\videos_MS_ASL_raw\msasl_raw_PIfDfi4Qx60.mp4,0,72,73.0,2.402,29.97,0,True,640.0,360.0
every morning,msasl,D:\college\sem_mag_1\szum\MS-ASL\videos_MS_ASL_raw\msasl_raw_fv1nQoXRlsI.mp4,0,48,49.0,1.92,25.0,0,True,480.0,360.0
france,msasl,D:\college\sem_mag_1\szum\MS-ASL\videos_MS_ASL_raw\msasl_raw_iJuIO4n0-VU.mp4,0,108,109.0,3.64,29.669,2,True,640.0,360.0
give,msasl,D:\college\sem_mag_1\szum\MS-ASL\videos_MS_ASL_raw\msasl_raw_7G6B6kaMjb4.mp4,0,49,50.0,1.96,25.0,0,True,480.0,360.0
shock,msasl,D:\college\sem_mag_1\szum\MS-ASL\videos_MS_ASL_raw\msasl_raw_XCiFsGrb_Nk.mp4,0,75,76.0,2.502,29.98,0,True,640.0,360.0
puerto rico,msasl,D:\college\sem_mag_1\szum\MS-ASL\videos_MS_ASL_raw\msasl_raw_NNZD9RAgL4w.mp4,0,86,87.0,2.87,29.97,0,True,640.0,360.0
breakfast,msasl,D:\college\sem_mag_1\szum\MS-ASL\videos_MS_ASL_raw\msasl_raw_bUezx9Zp16E.mp4,0,73,74.0,2.92,25.0,5,True,640.0,360.0
day,msasl,D:\college\sem_mag_1\szum\MS-ASL\videos_MS_ASL_raw\msasl_raw_jQb9NL9_S6U.mp4,647,676,30.0,1.1660000000000004,24.87,6,True,640.0,358.0
day,msasl,D:\college\sem_mag_1\szum\MS-ASL\videos_MS_ASL_raw\msasl_raw_jQb9NL9_S6U.mp4,676,731,56.0,2.212,24.87,6,True,640.0,358.0
day,msasl,D:\college\sem_mag_1\szum\MS-ASL\videos_MS_ASL_raw\msasl_raw_jQb9NL9_S6U.mp4,790,817,28.0,1.0859999999999983,24.87,6,True,640.0,358.0
day,msasl,D:\college\sem_mag_1\szum\MS-ASL\videos_MS_ASL_raw\msasl_raw_jQb9NL9_S6U.mp4,1474,1501,28.0,1.0859999999999983,24.87,6,True,640.0,358.0
afternoon,msasl,D:\college\sem_mag_1\szum\MS-ASL\videos_MS_ASL_raw\msasl_raw_jQb9NL9_S6U.mp4,2115,2149,35.0,1.3670000000000044,24.87,6,True,640.0,358.0
afternoon,msasl,D:\college\sem_mag_1\szum\MS-ASL\videos_MS_ASL_raw\msasl_raw_jQb9NL9_S6U.mp4,2186,2269,84.0,3.336999999999989,24.87,6,True,640.0,358.0
afternoon,msasl,D:\college\sem_mag_1\szum\MS-ASL\videos_MS_ASL_raw\msasl_raw_jQb9NL9_S6U.mp4,2293,2327,35.0,1.3670000000000044,24.87,6,True,640.0,358.0
happy,msasl,D:\college\sem_mag_1\szum\MS-ASL\videos_MS_ASL_raw\msasl_raw_jQb9NL9_S6U.mp4,4452,4527,76.0,3.01600000000002,24.87,6,True,640.0,358.0
sad,msasl,D:\college\sem_mag_1\szum\MS-ASL\videos_MS_ASL_raw\msasl_raw_jQb9NL9_S6U.mp4,4797,4907,111.0,4.423000000000002,24.87,6,True,640.0,358.0
sad,msasl,D:\college\sem_mag_1\szum\MS-ASL\videos_MS_ASL_raw\msasl_raw_jQb9NL9_S6U.mp4,4972,5010,39.0,1.5279999999999916,24.87,6,True,640.0,358.0
nervous,msasl,D:\college\sem_mag_1\szum\MS-ASL\videos_MS_ASL_raw\msasl_raw_jQb9NL9_S6U.mp4,5791,5836,46.0,1.8089999999999973,24.87,6,True,640.0,358.0
nervous,msasl,D:\college\sem_mag_1\szum\MS-ASL\videos_MS_ASL_raw\msasl_raw_jQb9NL9_S6U.mp4,5938,5973,36.0,1.407000000000011,24.87,6,True,640.0,358.0
upset,msasl,D:\college\sem_mag_1\szum\MS-ASL\videos_MS_ASL_raw\msasl_raw_jQb9NL9_S6U.mp4,6041,6208,168.0,6.715000000000003,24.87,6,True,640.0,358.0
want,msasl,D:\college\sem_mag_1\szum\MS-ASL\videos_MS_ASL_raw\msasl_raw_jQb9NL9_S6U.mp4,9594,9751,158.0,6.312000000000012,24.87,6,True,640.0,358.0
know,msasl,D:\college\sem_mag_1\szum\MS-ASL\videos_MS_ASL_raw\msasl_raw_jQb9NL9_S6U.mp4,10041,10111,71.0,2.8149999999999977,24.87,6,True,640.0,358.0
know,msasl,D:\college\sem_mag_1\szum\MS-ASL\videos_MS_ASL_raw\msasl_raw_jQb9NL9_S6U.mp4,10145,10175,31.0,1.2059999999999604,24.87,6,True,640.0,358.0
must,msasl,D:\college\sem_mag_1\szum\MS-ASL\videos_MS_ASL_raw\msasl_raw_jQb9NL9_S6U.mp4,10780,10870,91.0,3.619000000000028,24.87,6,True,640.0,358.0
how,msasl,D:\college\sem_mag_1\szum\MS-ASL\videos_MS_ASL_raw\msasl_raw_jQb9NL9_S6U.mp4,12166,12357,192.0,7.680000000000007,24.87,6,True,640.0,358.0
wow,msasl,D:\college\sem_mag_1\szum\MS-ASL\videos_MS_ASL_raw\msasl_raw_jQb9NL9_S6U.mp4,15226,15409,184.0,7.359000000000037,24.87,6,True,640.0,358.0
wow,msasl,D:\college\sem_mag_1\szum\MS-ASL\videos_MS_ASL_raw\msasl_raw_jQb9NL9_S6U.mp4,15411,15459,49.0,1.930000000000064,24.87,6,True,640.0,358.0
pass,msasl,D:\college\sem_mag_1\szum\MS-ASL\videos_MS_ASL_raw\msasl_raw_jQb9NL9_S6U.mp4,17138,17161,24.0,0.9249999999999544,24.87,6,True,640.0,358.0
pass,msasl,D:\college\sem_mag_1\szum\MS-ASL\videos_MS_ASL_raw\msasl_raw_jQb9NL9_S6U.mp4,17190,17304,115.0,4.583999999999946,24.87,6,True,640.0,358.0
think,msasl,D:\college\sem_mag_1\szum\MS-ASL\videos_MS_ASL_raw\msasl_raw_Y5q-PccHNHo.mp4,0,77,78.0,2.569,29.97,0,True,540.0,360.0
teacher,msasl,D:\college\sem_mag_1\szum\MS-ASL\videos_MS_ASL_raw\msasl_raw__HOx2QkkTsg.mp4,419,464,46.0,1.503,29.94,144,True,480.0,360.0
teacher,msasl,D:\college\sem_mag_1\szum\MS-ASL\videos_MS_ASL_raw\msasl_raw__HOx2QkkTsg.mp4,464,510,47.0,1.5359999999999996,29.94,144,True,480.0,360.0
deaf,msasl,D:\college\sem_mag_1\szum\MS-ASL\videos_MS_ASL_raw\msasl_raw_IgT0jDp56ZM.mp4,0,107,108.0,3.577,29.917,38,True,480.0,270.0
university,msasl,D:\college\sem_mag_1\szum\MS-ASL\videos_MS_ASL_raw\msasl_raw_jrQalROeZtg.mp4,0,96,97.0,3.2,30.0,62,True,640.0,360.0
fix,msasl,D:\college\sem_mag_1\szum\MS-ASL\videos_MS_ASL_raw\msasl_raw_FL6MaUJmIkA.mp4,0,79,80.0,2.636,29.97,0,True,1280.0,720.0
clock,msasl,D:\college\sem_mag_1\szum\MS-ASL\videos_MS_ASL_raw\msasl_raw_pAoM56DCisM.mp4,0,77,78.0,2.569,29.97,0,True,640.0,360.0
there,msasl,D:\college\sem_mag_1\szum\MS-ASL\videos_MS_ASL_raw\msasl_raw_5WevUel4BPk.mp4,0,148,149.0,5.0,29.603,2,True,640.0,360.0
next week,msasl,D:\college\sem_mag_1\szum\MS-ASL\videos_MS_ASL_raw\msasl_raw_I1o0fccwWSg.mp4,0,116,117.0,3.913,29.645,2,True,640.0,360.0
sick,msasl,D:\college\sem_mag_1\szum\MS-ASL\videos_MS_ASL_raw\msasl_raw_NBqpHJiufXU.mp4,0,78,79.0,2.603,29.97,0,True,1280.0,720.0
meat,msasl,D:\college\sem_mag_1\szum\MS-ASL\videos_MS_ASL_raw\msasl_raw_Bn7j1v1ksl0.mp4,0,90,91.0,3.6,25.0,0,True,480.0,360.0
important,msasl,D:\college\sem_mag_1\szum\MS-ASL\videos_MS_ASL_raw\msasl_raw_V_dT923VQ70.mp4,0,75,76.0,2.502,29.98,0,True,640.0,360.0
warm,msasl,D:\college\sem_mag_1\szum\MS-ASL\videos_MS_ASL_raw\msasl_raw_3vH-22ZBt7w.mp4,195,316,122.0,4.038,29.97,144,True,480.0,360.0
warm,msasl,D:\college\sem_mag_1\szum\MS-ASL\videos_MS_ASL_raw\msasl_raw_3vH-22ZBt7w.mp4,393,451,59.0,1.9350000000000005,29.97,144,True,480.0,360.0
stand,msasl,D:\college\sem_mag_1\szum\MS-ASL\videos_MS_ASL_raw\msasl_raw_o1XWGA4KCNU.mp4,0,53,54.0,1.768,29.97,173,True,636.0,360.0
wait,msasl,D:\college\sem_mag_1\szum\MS-ASL\videos_MS_ASL_raw\msasl_raw_Sy1FdTFzul8.mp4,0,79,80.0,3.16,25.0,0,True,480.0,360.0
business,msasl,D:\college\sem_mag_1\szum\MS-ASL\videos_MS_ASL_raw\msasl_raw_oQGNnu24SEE.mp4,0,56,57.0,1.868,29.974,0,True,640.0,360.0
fire,msasl,D:\college\sem_mag_1\szum\MS-ASL\videos_MS_ASL_raw\msasl_raw_pWO_1CT3QWk.mp4,0,55,56.0,1.835,29.97,0,True,1280.0,720.0
home,msasl,D:\college\sem_mag_1\szum\MS-ASL\videos_MS_ASL_raw\msasl_raw_B_H3Xg4XiB8.mp4,0,83,84.0,2.767,30.0,112,True,640.0,360.0
any,msasl,D:\college\sem_mag_1\szum\MS-ASL\videos_MS_ASL_raw\msasl_raw_Dbq2emMTZE0.mp4,0,80,81.0,2.669,29.97,0,True,540.0,360.0
win,msasl,D:\college\sem_mag_1\szum\MS-ASL\videos_MS_ASL_raw\msasl_raw_Yqom91cTkZE.mp4,0,65,66.0,2.6,25.0,0,True,1280.0,720.0
socks,msasl,D:\college\sem_mag_1\szum\MS-ASL\videos_MS_ASL_raw\msasl_raw_oOJKizLq4jQ.mp4,70,190,121.0,4.009,29.933,144,True,480.0,360.0
socks,msasl,D:\college\sem_mag_1\szum\MS-ASL\videos_MS_ASL_raw\msasl_raw_oOJKizLq4jQ.mp4,190,320,131.0,4.343000000000001,29.933,144,True,480.0,360.0
gone,msasl,D:\college\sem_mag_1\szum\MS-ASL\videos_MS_ASL_raw\msasl_raw_LA36HscT8Bo.mp4,0,93,94.0,3.103,29.97,0,True,640.0,360.0
rude,msasl,D:\college\sem_mag_1\szum\MS-ASL\videos_MS_ASL_raw\msasl_raw_hlOPlBd6F5Q.mp4,0,65,66.0,2.169,29.97,0,True,1280.0,720.0
bake,msasl,D:\college\sem_mag_1\szum\MS-ASL\videos_MS_ASL_raw\msasl_raw_Q0vD9t1u5bI.mp4,0,69,70.0,2.302,29.97,0,True,640.0,360.0
wine,msasl,D:\college\sem_mag_1\szum\MS-ASL\videos_MS_ASL_raw\msasl_raw_d809az7DnpU.mp4,0,85,86.0,3.4,25.0,152,True,500.0,284.0
norway,msasl,D:\college\sem_mag_1\szum\MS-ASL\videos_MS_ASL_raw\msasl_raw_FtAToIc1rAA.mp4,0,81,82.0,2.703,29.97,0,True,640.0,360.0
hearing,msasl,D:\college\sem_mag_1\szum\MS-ASL\videos_MS_ASL_raw\msasl_raw_djZwwts-OiA.mp4,0,107,108.0,3.577,29.917,38,True,480.0,270.0
ball,msasl,D:\college\sem_mag_1\szum\MS-ASL\videos_MS_ASL_raw\msasl_raw_e8pEvhbngbc.mp4,0,79,80.0,2.636,29.97,0,True,640.0,360.0
25,msasl,D:\college\sem_mag_1\szum\MS-ASL\videos_MS_ASL_raw\msasl_raw_atnHjWFYzds.mp4,0,72,73.0,2.88,25.0,0,True,480.0,360.0
in,msasl,D:\college\sem_mag_1\szum\MS-ASL\videos_MS_ASL_raw\msasl_raw_YirRi12-zWo.mp4,0,102,103.0,3.403,29.97,0,True,1280.0,720.0
fish,msasl,D:\college\sem_mag_1\szum\MS-ASL\videos_MS_ASL_raw\msasl_raw_jsF87QSfxpg.mp4,20,80,61.0,2.069,29.0,435,True,640.0,360.0
stand,msasl,D:\college\sem_mag_1\szum\MS-ASL\videos_MS_ASL_raw\msasl_raw_KhhowNO7Ywk.mp4,0,72,73.0,2.402,29.97,0,True,640.0,360.0
fly,msasl,D:\college\sem_mag_1\szum\MS-ASL\videos_MS_ASL_raw\msasl_raw_qxkNda-oprk.mp4,50,140,91.0,3.003,29.97,144,True,480.0,360.0
fly,msasl,D:\college\sem_mag_1\szum\MS-ASL\videos_MS_ASL_raw\msasl_raw_qxkNda-oprk.mp4,140,290,151.0,5.005,29.97,144,True,480.0,360.0
bed,msasl,D:\college\sem_mag_1\szum\MS-ASL\videos_MS_ASL_raw\msasl_raw_a80af5anctI.mp4,0,38,39.0,1.52,25.0,0,True,480.0,360.0
marry,msasl,D:\college\sem_mag_1\szum\MS-ASL\videos_MS_ASL_raw\msasl_raw_UoDIBaGyhP8.mp4,0,74,75.0,2.467,30.0,135,True,480.0,360.0
enjoy,msasl,D:\college\sem_mag_1\szum\MS-ASL\videos_MS_ASL_raw\msasl_raw_Uo_AUbP0O9g.mp4,0,92,93.0,3.07,29.97,0,True,1280.0,720.0
meet,msasl,D:\college\sem_mag_1\szum\MS-ASL\videos_MS_ASL_raw\msasl_raw_AsdBSknwrjg.mp4,0,121,122.0,4.045,29.917,38,True,480.0,270.0
brown,msasl,D:\college\sem_mag_1\szum\MS-ASL\videos_MS_ASL_raw\msasl_raw_b_ugQdfY424.mp4,10,70,61.0,2.069,29.0,436,True,640.0,360.0
spider,msasl,D:\college\sem_mag_1\szum\MS-ASL\videos_MS_ASL_raw\msasl_raw_IDVjv1e1P44.mp4,0,86,87.0,3.44,25.0,13,True,640.0,360.0
cafeteria,msasl,D:\college\sem_mag_1\szum\MS-ASL\videos_MS_ASL_raw\msasl_raw_Ui6Och8SrRU.mp4,0,134,135.0,4.53,29.583,2,True,640.0,360.0
jacket,msasl,D:\college\sem_mag_1\szum\MS-ASL\videos_MS_ASL_raw\msasl_raw_2m-0FbIn7wE.mp4,0,80,81.0,2.667,30.0,62,True,640.0,360.0
tiger,msasl,D:\college\sem_mag_1\szum\MS-ASL\videos_MS_ASL_raw\msasl_raw_XPIDw_cNSFA.mp4,130,260,131.0,4.344,29.928,144,True,480.0,360.0
tiger,msasl,D:\college\sem_mag_1\szum\MS-ASL\videos_MS_ASL_raw\msasl_raw_XPIDw_cNSFA.mp4,260,390,131.0,4.343,29.928,144,True,480.0,360.0
south,msasl,D:\college\sem_mag_1\szum\MS-ASL\videos_MS_ASL_raw\msasl_raw_lyxKZxUOFwE.mp4,0,89,90.0,3.56,25.0,0,True,480.0,360.0
dining room,msasl,D:\college\sem_mag_1\szum\MS-ASL\videos_MS_ASL_raw\msasl_raw_zk2nKD4U4JU.mp4,0,102,103.0,3.444,29.617,2,True,640.0,360.0
dining room,msasl,D:\college\sem_mag_1\szum\MS-ASL\videos_MS_ASL_raw\msasl_raw_zk2nKD4U4JU.mp4,136,240,105.0,3.511,29.617,2,True,640.0,360.0
happy,msasl,D:\college\sem_mag_1\szum\MS-ASL\videos_MS_ASL_raw\msasl_raw_bCVQXygujmo.mp4,0,122,123.0,4.12,29.613,2,True,640.0,360.0
not like,msasl,D:\college\sem_mag_1\szum\MS-ASL\videos_MS_ASL_raw\msasl_raw_yYt4hmEAxbM.mp4,0,81,82.0,3.24,25.0,0,True,480.0,360.0
banana,msasl,D:\college\sem_mag_1\szum\MS-ASL\videos_MS_ASL_raw\msasl_raw_RNcmcfEJAK0.mp4,0,83,84.0,2.767,30.0,0,True,320.0,240.0
hit,msasl,D:\college\sem_mag_1\szum\MS-ASL\videos_MS_ASL_raw\msasl_raw_TdhGSBisBXg.mp4,0,49,50.0,1.635,29.97,0,True,1280.0,720.0
work,msasl,D:\college\sem_mag_1\szum\MS-ASL\videos_MS_ASL_raw\msasl_raw_7cElz9Qy2bk.mp4,0,79,80.0,2.633,30.0,0,True,320.0,240.0
actor,msasl,D:\college\sem_mag_1\szum\MS-ASL\videos_MS_ASL_raw\msasl_raw_K8c-np9zNT8.mp4,432,555,124.0,4.919999999999998,25.0,12,True,480.0,360.0
actor,msasl,D:\college\sem_mag_1\szum\MS-ASL\videos_MS_ASL_raw\msasl_raw_K8c-np9zNT8.mp4,555,712,158.0,6.280000000000001,25.0,12,True,480.0,360.0
live,msasl,D:\college\sem_mag_1\szum\MS-ASL\videos_MS_ASL_raw\msasl_raw_K8c-np9zNT8.mp4,746,816,71.0,2.8000000000000007,25.0,12,True,480.0,360.0
live,msasl,D:\college\sem_mag_1\szum\MS-ASL\videos_MS_ASL_raw\msasl_raw_K8c-np9zNT8.mp4,846,928,83.0,3.279999999999994,25.0,12,True,480.0,360.0
america,msasl,D:\college\sem_mag_1\szum\MS-ASL\videos_MS_ASL_raw\msasl_raw_K8c-np9zNT8.mp4,957,1057,101.0,4.0,25.0,12,True,480.0,360.0
america,msasl,D:\college\sem_mag_1\szum\MS-ASL\videos_MS_ASL_raw\msasl_raw_K8c-np9zNT8.mp4,1078,1207,130.0,5.160000000000004,25.0,12,True,480.0,360.0
beach,msasl,D:\college\sem_mag_1\szum\MS-ASL\videos_MS_ASL_raw\msasl_raw_K8c-np9zNT8.mp4,2366,2470,105.0,4.159999999999997,25.0,12,True,480.0,360.0
beach,msasl,D:\college\sem_mag_1\szum\MS-ASL\videos_MS_ASL_raw\msasl_raw_K8c-np9zNT8.mp4,2500,2605,106.0,4.200000000000003,25.0,12,True,480.0,360.0
birthday,msasl,D:\college\sem_mag_1\szum\MS-ASL\videos_MS_ASL_raw\msasl_raw_K8c-np9zNT8.mp4,2639,2716,78.0,3.0799999999999983,25.0,12,True,480.0,360.0
birthday,msasl,D:\college\sem_mag_1\szum\MS-ASL\videos_MS_ASL_raw\msasl_raw_K8c-np9zNT8.mp4,2716,2824,109.0,4.319999999999993,25.0,12,True,480.0,360.0
black,msasl,D:\college\sem_mag_1\szum\MS-ASL\videos_MS_ASL_raw\msasl_raw_K8c-np9zNT8.mp4,2846,2937,92.0,3.640000000000001,25.0,12,True,480.0,360.0
black,msasl,D:\college\sem_mag_1\szum\MS-ASL\videos_MS_ASL_raw\msasl_raw_K8c-np9zNT8.mp4,2937,3053,117.0,4.640000000000001,25.0,12,True,480.0,360.0
blue,msasl,D:\college\sem_mag_1\szum\MS-ASL\videos_MS_ASL_raw\msasl_raw_K8c-np9zNT8.mp4,3060,3172,113.0,4.47999999999999,25.0,12,True,480.0,360.0
blue,msasl,D:\college\sem_mag_1\szum\MS-ASL\videos_MS_ASL_raw\msasl_raw_K8c-np9zNT8.mp4,3172,3272,101.0,4.0,25.0,12,True,480.0,360.0
brown,msasl,D:\college\sem_mag_1\szum\MS-ASL\videos_MS_ASL_raw\msasl_raw_K8c-np9zNT8.mp4,3774,3859,86.0,3.4000000000000057,25.0,12,True,480.0,360.0
brown,msasl,D:\college\sem_mag_1\szum\MS-ASL\videos_MS_ASL_raw\msasl_raw_K8c-np9zNT8.mp4,3859,3967,109.0,4.319999999999993,25.0,12,True,480.0,360.0
celebrate,msasl,D:\college\sem_mag_1\szum\MS-ASL\videos_MS_ASL_raw\msasl_raw_K8c-np9zNT8.mp4,4366,4478,113.0,4.480000000000018,25.0,12,True,480.0,360.0
celebrate,msasl,D:\college\sem_mag_1\szum\MS-ASL\videos_MS_ASL_raw\msasl_raw_K8c-np9zNT8.mp4,4505,4656,152.0,6.0400000000000205,25.0,12,True,480.0,360.0
christmas,msasl,D:\college\sem_mag_1\szum\MS-ASL\videos_MS_ASL_raw\msasl_raw_K8c-np9zNT8.mp4,4678,4806,129.0,5.1200000000000045,25.0,12,True,480.0,360.0
christmas,msasl,D:\college\sem_mag_1\szum\MS-ASL\videos_MS_ASL_raw\msasl_raw_K8c-np9zNT8.mp4,4806,4944,139.0,5.519999999999982,25.0,12,True,480.0,360.0
city,msasl,D:\college\sem_mag_1\szum\MS-ASL\videos_MS_ASL_raw\msasl_raw_K8c-np9zNT8.mp4,4980,5072,93.0,3.680000000000007,25.0,12,True,480.0,360.0
city,msasl,D:\college\sem_mag_1\szum\MS-ASL\videos_MS_ASL_raw\msasl_raw_K8c-np9zNT8.mp4,5072,5183,112.0,4.439999999999998,25.0,12,True,480.0,360.0
color,msasl,D:\college\sem_mag_1\szum\MS-ASL\videos_MS_ASL_raw\msasl_raw_K8c-np9zNT8.mp4,5835,6035,201.0,8.0,25.0,12,True,480.0,360.0
cool,msasl,D:\college\sem_mag_1\szum\MS-ASL\videos_MS_ASL_raw\msasl_raw_K8c-np9zNT8.mp4,6271,6351,81.0,3.1999999999999886,25.0,12,True,480.0,360.0
cool,msasl,D:\college\sem_mag_1\szum\MS-ASL\videos_MS_ASL_raw\msasl_raw_K8c-np9zNT8.mp4,6391,6466,76.0,3.0,25.0,12,True,480.0,360.0
dark,msasl,D:\college\sem_mag_1\szum\MS-ASL\videos_MS_ASL_raw\msasl_raw_K8c-np9zNT8.mp4,6690,6775,86.0,3.3999999999999773,25.0,12,True,480.0,360.0
dark,msasl,D:\college\sem_mag_1\szum\MS-ASL\videos_MS_ASL_raw\msasl_raw_K8c-np9zNT8.mp4,6775,6881,107.0,4.240000000000009,25.0,12,True,480.0,360.0
easter,msasl,D:\college\sem_mag_1\szum\MS-ASL\videos_MS_ASL_raw\msasl_raw_K8c-np9zNT8.mp4,7558,7678,121.0,4.800000000000011,25.0,12,True,480.0,360.0
easter,msasl,D:\college\sem_mag_1\szum\MS-ASL\videos_MS_ASL_raw\msasl_raw_K8c-np9zNT8.mp4,7678,7796,119.0,4.71999999999997,25.0,12,True,480.0,360.0
email,msasl,D:\college\sem_mag_1\szum\MS-ASL\videos_MS_ASL_raw\msasl_raw_K8c-np9zNT8.mp4,8087,8141,55.0,2.159999999999968,25.0,12,True,480.0,360.0
email,msasl,D:\college\sem_mag_1\szum\MS-ASL\videos_MS_ASL_raw\msasl_raw_K8c-np9zNT8.mp4,8141,8226,86.0,3.400000000000034,25.0,12,True,480.0,360.0
email,msasl,D:\college\sem_mag_1\szum\MS-ASL\videos_MS_ASL_raw\msasl_raw_K8c-np9zNT8.mp4,8343,8398,56.0,2.1999999999999886,25.0,12,True,480.0,360.0
email,msasl,D:\college\sem_mag_1\szum\MS-ASL\videos_MS_ASL_raw\msasl_raw_K8c-np9zNT8.mp4,8398,8461,64.0,2.519999999999982,25.0,12,True,480.0,360.0
autumn,msasl,D:\college\sem_mag_1\szum\MS-ASL\videos_MS_ASL_raw\msasl_raw_K8c-np9zNT8.mp4,8566,8755,190.0,7.560000000000002,25.0,12,True,480.0,360.0
far,msasl,D:\college\sem_mag_1\szum\MS-ASL\videos_MS_ASL_raw\msasl_raw_K8c-np9zNT8.mp4,8775,8855,81.0,3.1999999999999886,25.0,12,True,480.0,360.0
far,msasl,D:\college\sem_mag_1\szum\MS-ASL\videos_MS_ASL_raw\msasl_raw_K8c-np9zNT8.mp4,8885,8962,78.0,3.080000000000041,25.0,12,True,480.0,360.0
from,msasl,D:\college\sem_mag_1\szum\MS-ASL\videos_MS_ASL_raw\msasl_raw_K8c-np9zNT8.mp4,9201,9401,201.0,8.0,25.0,12,True,480.0,360.0
gray,msasl,D:\college\sem_mag_1\szum\MS-ASL\videos_MS_ASL_raw\msasl_raw_K8c-np9zNT8.mp4,9419,9531,113.0,4.480000000000018,25.0,12,True,480.0,360.0
gray,msasl,D:\college\sem_mag_1\szum\MS-ASL\videos_MS_ASL_raw\msasl_raw_K8c-np9zNT8.mp4,9531,9649,119.0,4.71999999999997,25.0,12,True,480.0,360.0
green,msasl,D:\college\sem_mag_1\szum\MS-ASL\videos_MS_ASL_raw\msasl_raw_K8c-np9zNT8.mp4,9651,9749,99.0,3.919999999999959,25.0,12,True,480.0,360.0
green,msasl,D:\college\sem_mag_1\szum\MS-ASL\videos_MS_ASL_raw\msasl_raw_K8c-np9zNT8.mp4,9749,9843,95.0,3.760000000000048,25.0,12,True,480.0,360.0
spring up,msasl,D:\college\sem_mag_1\szum\MS-ASL\videos_MS_ASL_raw\msasl_raw_K8c-np9zNT8.mp4,9869,10062,194.0,7.720000000000027,25.0,12,True,480.0,360.0
halloween,msasl,D:\college\sem_mag_1\szum\MS-ASL\videos_MS_ASL_raw\msasl_raw_K8c-np9zNT8.mp4,10064,10154,91.0,3.6000000000000227,25.0,12,True,480.0,360.0
halloween,msasl,D:\college\sem_mag_1\szum\MS-ASL\videos_MS_ASL_raw\msasl_raw_K8c-np9zNT8.mp4,10154,10233,80.0,3.159999999999968,25.0,12,True,480.0,360.0
halloween,msasl,D:\college\sem_mag_1\szum\MS-ASL\videos_MS_ASL_raw\msasl_raw_K8c-np9zNT8.mp4,10233,10334,102.0,4.0400000000000205,25.0,12,True,480.0,360.0
halloween,msasl,D:\college\sem_mag_1\szum\MS-ASL\videos_MS_ASL_raw\msasl_raw_K8c-np9zNT8.mp4,10334,10432,99.0,3.919999999999959,25.0,12,True,480.0,360.0
hanukkah,msasl,D:\college\sem_mag_1\szum\MS-ASL\videos_MS_ASL_raw\msasl_raw_K8c-np9zNT8.mp4,10438,10542,105.0,4.160000000000025,25.0,12,True,480.0,360.0
hanukkah,msasl,D:\college\sem_mag_1\szum\MS-ASL\videos_MS_ASL_raw\msasl_raw_K8c-np9zNT8.mp4,10542,10646,105.0,4.159999999999968,25.0,12,True,480.0,360.0
here,msasl,D:\college\sem_mag_1\szum\MS-ASL\videos_MS_ASL_raw\msasl_raw_K8c-np9zNT8.mp4,10648,10717,70.0,2.759999999999991,25.0,12,True,480.0,360.0
here,msasl,D:\college\sem_mag_1\szum\MS-ASL\videos_MS_ASL_raw\msasl_raw_K8c-np9zNT8.mp4,10717,10788,72.0,2.839999999999975,25.0,12,True,480.0,360.0
here,msasl,D:\college\sem_mag_1\szum\MS-ASL\videos_MS_ASL_raw\msasl_raw_K8c-np9zNT8.mp4,10809,10879,71.0,2.800000000000012,25.0,12,True,480.0,360.0
here,msasl,D:\college\sem_mag_1\szum\MS-ASL\videos_MS_ASL_raw\msasl_raw_K8c-np9zNT8.mp4,10879,10950,72.0,2.839999999999975,25.0,12,True,480.0,360.0
his,msasl,D:\college\sem_mag_1\szum\MS-ASL\videos_MS_ASL_raw\msasl_raw_K8c-np9zNT8.mp4,10986,11088,103.0,4.079999999999984,25.0,12,True,480.0,360.0
his,msasl,D:\college\sem_mag_1\szum\MS-ASL\videos_MS_ASL_raw\msasl_raw_K8c-np9zNT8.mp4,11111,11215,105.0,4.160000000000025,25.0,12,True,480.0,360.0
hot,msasl,D:\college\sem_mag_1\szum\MS-ASL\videos_MS_ASL_raw\msasl_raw_K8c-np9zNT8.mp4,11272,11343,72.0,2.840000000000032,25.0,12,True,480.0,360.0
hot,msasl,D:\college\sem_mag_1\szum\MS-ASL\videos_MS_ASL_raw\msasl_raw_K8c-np9zNT8.mp4,11365,11437,73.0,2.8799999999999955,25.0,12,True,480.0,360.0
how_many,msasl,D:\college\sem_mag_1\szum\MS-ASL\videos_MS_ASL_raw\msasl_raw_K8c-np9zNT8.mp4,11439,11636,198.0,7.8799999999999955,25.0,12,True,480.0,360.0
inside,msasl,D:\college\sem_mag_1\szum\MS-ASL\videos_MS_ASL_raw\msasl_raw_K8c-np9zNT8.mp4,11905,12098,194.0,7.720000000000027,25.0,12,True,480.0,360.0
internet,msasl,D:\college\sem_mag_1\szum\MS-ASL\videos_MS_ASL_raw\msasl_raw_K8c-np9zNT8.mp4,12100,12201,102.0,4.0400000000000205,25.0,12,True,480.0,360.0
internet,msasl,D:\college\sem_mag_1\szum\MS-ASL\videos_MS_ASL_raw\msasl_raw_K8c-np9zNT8.mp4,12201,12303,103.0,4.079999999999984,25.0,12,True,480.0,360.0
light,msasl,D:\college\sem_mag_1\szum\MS-ASL\videos_MS_ASL_raw\msasl_raw_K8c-np9zNT8.mp4,13545,13646,102.0,4.040000000000077,25.0,12,True,480.0,360.0
light,msasl,D:\college\sem_mag_1\szum\MS-ASL\videos_MS_ASL_raw\msasl_raw_K8c-np9zNT8.mp4,13646,13757,112.0,4.439999999999941,25.0,12,True,480.0,360.0
listen,msasl,D:\college\sem_mag_1\szum\MS-ASL\videos_MS_ASL_raw\msasl_raw_K8c-np9zNT8.mp4,13779,13839,61.0,2.3999999999999773,25.0,12,True,480.0,360.0
listen,msasl,D:\college\sem_mag_1\szum\MS-ASL\videos_MS_ASL_raw\msasl_raw_K8c-np9zNT8.mp4,13869,13939,71.0,2.7999999999999545,25.0,12,True,480.0,360.0
march,msasl,D:\college\sem_mag_1\szum\MS-ASL\videos_MS_ASL_raw\msasl_raw_K8c-np9zNT8.mp4,14218,14328,111.0,4.399999999999977,25.0,12,True,480.0,360.0
march,msasl,D:\college\sem_mag_1\szum\MS-ASL\videos_MS_ASL_raw\msasl_raw_K8c-np9zNT8.mp4,14361,14445,85.0,3.3599999999999,25.0,12,True,480.0,360.0
month,msasl,D:\college\sem_mag_1\szum\MS-ASL\videos_MS_ASL_raw\msasl_raw_K8c-np9zNT8.mp4,15410,15487,78.0,3.080000000000041,25.0,12,True,480.0,360.0
month,msasl,D:\college\sem_mag_1\szum\MS-ASL\videos_MS_ASL_raw\msasl_raw_K8c-np9zNT8.mp4,15507,15595,89.0,3.519999999999982,25.0,12,True,480.0,360.0
music,msasl,D:\college\sem_mag_1\szum\MS-ASL\videos_MS_ASL_raw\msasl_raw_K8c-np9zNT8.mp4,15604,15754,151.0,6.0,25.0,12,True,480.0,360.0
music,msasl,D:\college\sem_mag_1\szum\MS-ASL\videos_MS_ASL_raw\msasl_raw_K8c-np9zNT8.mp4,15754,15863,110.0,4.360000000000014,25.0,12,True,480.0,360.0
musician,msasl,D:\college\sem_mag_1\szum\MS-ASL\videos_MS_ASL_raw\msasl_raw_K8c-np9zNT8.mp4,15906,16023,118.0,4.67999999999995,25.0,12,True,480.0,360.0
musician,msasl,D:\college\sem_mag_1\szum\MS-ASL\videos_MS_ASL_raw\msasl_raw_K8c-np9zNT8.mp4,16023,16175,153.0,6.080000000000041,25.0,12,True,480.0,360.0
my,msasl,D:\college\sem_mag_1\szum\MS-ASL\videos_MS_ASL_raw\msasl_raw_K8c-np9zNT8.mp4,16177,16280,104.0,4.1200000000000045,25.0,12,True,480.0,360.0
my,msasl,D:\college\sem_mag_1\szum\MS-ASL\videos_MS_ASL_raw\msasl_raw_K8c-np9zNT8.mp4,16280,16380,101.0,4.0,25.0,12,True,480.0,360.0
new,msasl,D:\college\sem_mag_1\szum\MS-ASL\videos_MS_ASL_raw\msasl_raw_K8c-np9zNT8.mp4,16665,16738,74.0,2.919999999999959,25.0,12,True,480.0,360.0
new,msasl,D:\college\sem_mag_1\szum\MS-ASL\videos_MS_ASL_raw\msasl_raw_K8c-np9zNT8.mp4,16738,16833,96.0,3.800000000000068,25.0,12,True,480.0,360.0
number,msasl,D:\college\sem_mag_1\szum\MS-ASL\videos_MS_ASL_raw\msasl_raw_K8c-np9zNT8.mp4,17064,17156,93.0,3.680000000000064,25.0,12,True,480.0,360.0
number,msasl,D:\college\sem_mag_1\szum\MS-ASL\videos_MS_ASL_raw\msasl_raw_K8c-np9zNT8.mp4,17156,17263,108.0,4.279999999999973,25.0,12,True,480.0,360.0
ocean,msasl,D:\college\sem_mag_1\szum\MS-ASL\videos_MS_ASL_raw\msasl_raw_K8c-np9zNT8.mp4,17302,17401,100.0,3.9599999999999222,25.0,12,True,480.0,360.0
ocean,msasl,D:\college\sem_mag_1\szum\MS-ASL\videos_MS_ASL_raw\msasl_raw_K8c-np9zNT8.mp4,17424,17514,91.0,3.599999999999909,25.0,12,True,480.0,360.0
old,msasl,D:\college\sem_mag_1\szum\MS-ASL\videos_MS_ASL_raw\msasl_raw_K8c-np9zNT8.mp4,17781,17978,198.0,7.8799999999999955,25.0,12,True,480.0,360.0
orange,msasl,D:\college\sem_mag_1\szum\MS-ASL\videos_MS_ASL_raw\msasl_raw_K8c-np9zNT8.mp4,17980,18088,109.0,4.319999999999936,25.0,12,True,480.0,360.0
orange,msasl,D:\college\sem_mag_1\szum\MS-ASL\videos_MS_ASL_raw\msasl_raw_K8c-np9zNT8.mp4,18088,18195,108.0,4.279999999999973,25.0,12,True,480.0,360.0
our,msasl,D:\college\sem_mag_1\szum\MS-ASL\videos_MS_ASL_raw\msasl_raw_K8c-np9zNT8.mp4,18209,18402,194.0,7.720000000000027,25.0,12,True,480.0,360.0
outside,msasl,D:\college\sem_mag_1\szum\MS-ASL\videos_MS_ASL_raw\msasl_raw_K8c-np9zNT8.mp4,18404,18518,115.0,4.560000000000059,25.0,12,True,480.0,360.0
outside,msasl,D:\college\sem_mag_1\szum\MS-ASL\videos_MS_ASL_raw\msasl_raw_K8c-np9zNT8.mp4,18518,18612,95.0,3.759999999999991,25.0,12,True,480.0,360.0
pink,msasl,D:\college\sem_mag_1\szum\MS-ASL\videos_MS_ASL_raw\msasl_raw_K8c-np9zNT8.mp4,19321,19517,197.0,7.839999999999918,25.0,12,True,480.0,360.0
purple,msasl,D:\college\sem_mag_1\szum\MS-ASL\videos_MS_ASL_raw\msasl_raw_K8c-np9zNT8.mp4,19519,19631,113.0,4.480000000000018,25.0,12,True,480.0,360.0
purple,msasl,D:\college\sem_mag_1\szum\MS-ASL\videos_MS_ASL_raw\msasl_raw_K8c-np9zNT8.mp4,19631,19747,117.0,4.639999999999986,25.0,12,True,480.0,360.0
rain,msasl,D:\college\sem_mag_1\szum\MS-ASL\videos_MS_ASL_raw\msasl_raw_K8c-np9zNT8.mp4,19768,19888,121.0,4.7999999999999545,25.0,12,True,480.0,360.0
rain,msasl,D:\college\sem_mag_1\szum\MS-ASL\videos_MS_ASL_raw\msasl_raw_K8c-np9zNT8.mp4,19888,20017,130.0,5.159999999999968,25.0,12,True,480.0,360.0
red,msasl,D:\college\sem_mag_1\szum\MS-ASL\videos_MS_ASL_raw\msasl_raw_K8c-np9zNT8.mp4,20345,20416,72.0,2.840000000000032,25.0,12,True,480.0,360.0
red,msasl,D:\college\sem_mag_1\szum\MS-ASL\videos_MS_ASL_raw\msasl_raw_K8c-np9zNT8.mp4,20416,20538,123.0,4.879999999999996,25.0,12,True,480.0,360.0
street,msasl,D:\college\sem_mag_1\szum\MS-ASL\videos_MS_ASL_raw\msasl_raw_K8c-np9zNT8.mp4,20543,20736,194.0,7.720000000000027,25.0,12,True,480.0,360.0
ski,msasl,D:\college\sem_mag_1\szum\MS-ASL\videos_MS_ASL_raw\msasl_raw_K8c-np9zNT8.mp4,21531,21610,80.0,3.159999999999968,25.0,12,True,480.0,360.0
ski,msasl,D:\college\sem_mag_1\szum\MS-ASL\videos_MS_ASL_raw\msasl_raw_K8c-np9zNT8.mp4,21627,21724,98.0,3.879999999999996,25.0,12,True,480.0,360.0
snow,msasl,D:\college\sem_mag_1\szum\MS-ASL\videos_MS_ASL_raw\msasl_raw_K8c-np9zNT8.mp4,21726,21864,139.0,5.519999999999982,25.0,12,True,480.0,360.0
snow,msasl,D:\college\sem_mag_1\szum\MS-ASL\videos_MS_ASL_raw\msasl_raw_K8c-np9zNT8.mp4,21864,21966,103.0,4.080000000000041,25.0,12,True,480.0,360.0
spring,msasl,D:\college\sem_mag_1\szum\MS-ASL\videos_MS_ASL_raw\msasl_raw_K8c-np9zNT8.mp4,21989,22152,164.0,6.520000000000096,25.0,12,True,480.0,360.0
street,msasl,D:\college\sem_mag_1\szum\MS-ASL\videos_MS_ASL_raw\msasl_raw_K8c-np9zNT8.mp4,22467,22548,82.0,3.240000000000009,25.0,12,True,480.0,360.0
street,msasl,D:\college\sem_mag_1\szum\MS-ASL\videos_MS_ASL_raw\msasl_raw_K8c-np9zNT8.mp4,22548,22622,75.0,2.9600000000000364,25.0,12,True,480.0,360.0
summer,msasl,D:\college\sem_mag_1\szum\MS-ASL\videos_MS_ASL_raw\msasl_raw_K8c-np9zNT8.mp4,22926,23114,189.0,7.519999999999982,25.0,12,True,480.0,360.0
phone,msasl,D:\college\sem_mag_1\szum\MS-ASL\videos_MS_ASL_raw\msasl_raw_K8c-np9zNT8.mp4,23349,23546,198.0,7.8799999999999955,25.0,12,True,480.0,360.0
television,msasl,D:\college\sem_mag_1\szum\MS-ASL\videos_MS_ASL_raw\msasl_raw_K8c-np9zNT8.mp4,23548,23714,167.0,6.639999999999986,25.0,12,True,480.0,360.0
thanksgiving,msasl,D:\college\sem_mag_1\szum\MS-ASL\videos_MS_ASL_raw\msasl_raw_K8c-np9zNT8.mp4,23716,23780,65.0,2.560000000000059,25.0,12,True,480.0,360.0
thanksgiving,msasl,D:\college\sem_mag_1\szum\MS-ASL\videos_MS_ASL_raw\msasl_raw_K8c-np9zNT8.mp4,23796,23860,65.0,2.559999999999945,25.0,12,True,480.0,360.0
thanksgiving,msasl,D:\college\sem_mag_1\szum\MS-ASL\videos_MS_ASL_raw\msasl_raw_K8c-np9zNT8.mp4,23886,23938,53.0,2.0799999999999272,25.0,12,True,480.0,360.0
thanksgiving,msasl,D:\college\sem_mag_1\szum\MS-ASL\videos_MS_ASL_raw\msasl_raw_K8c-np9zNT8.mp4,23976,24043,68.0,2.680000000000064,25.0,12,True,480.0,360.0
their,msasl,D:\college\sem_mag_1\szum\MS-ASL\videos_MS_ASL_raw\msasl_raw_K8c-np9zNT8.mp4,24245,24365,121.0,4.800000000000068,25.0,12,True,480.0,360.0
their,msasl,D:\college\sem_mag_1\szum\MS-ASL\videos_MS_ASL_raw\msasl_raw_K8c-np9zNT8.mp4,24365,24487,123.0,4.879999999999996,25.0,12,True,480.0,360.0
vacation,msasl,D:\college\sem_mag_1\szum\MS-ASL\videos_MS_ASL_raw\msasl_raw_K8c-np9zNT8.mp4,25509,25586,78.0,3.080000000000041,25.0,12,True,480.0,360.0
vacation,msasl,D:\college\sem_mag_1\szum\MS-ASL\videos_MS_ASL_raw\msasl_raw_K8c-np9zNT8.mp4,25608,25703,96.0,3.7999999999999545,25.0,12,True,480.0,360.0
visit,msasl,D:\college\sem_mag_1\szum\MS-ASL\videos_MS_ASL_raw\msasl_raw_K8c-np9zNT8.mp4,26465,26611,147.0,5.8400000000001455,25.0,12,True,480.0,360.0
warm,msasl,D:\college\sem_mag_1\szum\MS-ASL\videos_MS_ASL_raw\msasl_raw_K8c-np9zNT8.mp4,26633,26693,61.0,2.400000000000091,25.0,12,True,480.0,360.0
warm,msasl,D:\college\sem_mag_1\szum\MS-ASL\videos_MS_ASL_raw\msasl_raw_K8c-np9zNT8.mp4,26723,26783,61.0,2.399999999999864,25.0,12,True,480.0,360.0
watch,msasl,D:\college\sem_mag_1\szum\MS-ASL\videos_MS_ASL_raw\msasl_raw_K8c-np9zNT8.mp4,26851,26962,112.0,4.440000000000055,25.0,12,True,480.0,360.0
watch,msasl,D:\college\sem_mag_1\szum\MS-ASL\videos_MS_ASL_raw\msasl_raw_K8c-np9zNT8.mp4,26984,27074,91.0,3.6000000000001364,25.0,12,True,480.0,360.0
weather,msasl,D:\college\sem_mag_1\szum\MS-ASL\videos_MS_ASL_raw\msasl_raw_K8c-np9zNT8.mp4,27354,27464,111.0,4.399999999999864,25.0,12,True,480.0,360.0
weather,msasl,D:\college\sem_mag_1\szum\MS-ASL\videos_MS_ASL_raw\msasl_raw_K8c-np9zNT8.mp4,27464,27586,123.0,4.880000000000109,25.0,12,True,480.0,360.0
white,msasl,D:\college\sem_mag_1\szum\MS-ASL\videos_MS_ASL_raw\msasl_raw_K8c-np9zNT8.mp4,27824,27951,128.0,5.079999999999927,25.0,12,True,480.0,360.0
white,msasl,D:\college\sem_mag_1\szum\MS-ASL\videos_MS_ASL_raw\msasl_raw_K8c-np9zNT8.mp4,27951,28047,97.0,3.8400000000001455,25.0,12,True,480.0,360.0
winter,msasl,D:\college\sem_mag_1\szum\MS-ASL\videos_MS_ASL_raw\msasl_raw_K8c-np9zNT8.mp4,28330,28405,76.0,3.0,25.0,12,True,480.0,360.0
winter,msasl,D:\college\sem_mag_1\szum\MS-ASL\videos_MS_ASL_raw\msasl_raw_K8c-np9zNT8.mp4,28425,28523,99.0,3.9200000000000728,25.0,12,True,480.0,360.0
year,msasl,D:\college\sem_mag_1\szum\MS-ASL\videos_MS_ASL_raw\msasl_raw_K8c-np9zNT8.mp4,28535,28632,98.0,3.8799999999998818,25.0,12,True,480.0,360.0
year,msasl,D:\college\sem_mag_1\szum\MS-ASL\videos_MS_ASL_raw\msasl_raw_K8c-np9zNT8.mp4,28632,28740,109.0,4.319999999999936,25.0,12,True,480.0,360.0
yellow,msasl,D:\college\sem_mag_1\szum\MS-ASL\videos_MS_ASL_raw\msasl_raw_K8c-np9zNT8.mp4,28768,28850,83.0,3.2799999999999727,25.0,12,True,480.0,360.0
yellow,msasl,D:\college\sem_mag_1\szum\MS-ASL\videos_MS_ASL_raw\msasl_raw_K8c-np9zNT8.mp4,28850,28959,110.0,4.3599999999999,25.0,12,True,480.0,360.0
your,msasl,D:\college\sem_mag_1\szum\MS-ASL\videos_MS_ASL_raw\msasl_raw_K8c-np9zNT8.mp4,29012,29096,85.0,3.3599999999999,25.0,12,True,480.0,360.0
your,msasl,D:\college\sem_mag_1\szum\MS-ASL\videos_MS_ASL_raw\msasl_raw_K8c-np9zNT8.mp4,29096,29204,109.0,4.320000000000164,25.0,12,True,480.0,360.0
your,msasl,D:\college\sem_mag_1\szum\MS-ASL\videos_MS_ASL_raw\msasl_raw_K8c-np9zNT8.mp4,29238,29342,105.0,4.160000000000082,25.0,12,True,480.0,360.0
your,msasl,D:\college\sem_mag_1\szum\MS-ASL\videos_MS_ASL_raw\msasl_raw_K8c-np9zNT8.mp4,29342,29435,94.0,3.7200000000000273,25.0,12,True,480.0,360.0
love it,msasl,D:\college\sem_mag_1\szum\MS-ASL\videos_MS_ASL_raw\msasl_raw_K8c-np9zNT8.mp4,29619,29694,76.0,3.0,25.0,12,True,480.0,360.0
love it,msasl,D:\college\sem_mag_1\szum\MS-ASL\videos_MS_ASL_raw\msasl_raw_K8c-np9zNT8.mp4,29714,29777,64.0,2.519999999999982,25.0,12,True,480.0,360.0
money,msasl,D:\college\sem_mag_1\szum\MS-ASL\videos_MS_ASL_raw\msasl_raw_nFcSfNCaLLg.mp4,240,310,71.0,2.3390000000000004,29.935,144,True,480.0,360.0
money,msasl,D:\college\sem_mag_1\szum\MS-ASL\videos_MS_ASL_raw\msasl_raw_nFcSfNCaLLg.mp4,310,520,211.0,7.014999999999999,29.935,144,True,480.0,360.0
shirt,msasl,D:\college\sem_mag_1\szum\MS-ASL\videos_MS_ASL_raw\msasl_raw_i14EM0ZbtUY.mp4,0,62,63.0,2.069,29.97,0,True,640.0,360.0
curly hair,msasl,D:\college\sem_mag_1\szum\MS-ASL\videos_MS_ASL_raw\msasl_raw_-HXdd7TuqxI.mp4,0,82,83.0,2.733,30.0,62,True,640.0,360.0
brown,msasl,D:\college\sem_mag_1\szum\MS-ASL\videos_MS_ASL_raw\msasl_raw_gxAvUS0nckQ.mp4,0,75,76.0,2.5,30.0,0,True,320.0,240.0
motorcycle,msasl,D:\college\sem_mag_1\szum\MS-ASL\videos_MS_ASL_raw\msasl_raw_MGBymBqqeXw.mp4,0,66,67.0,2.202,29.97,0,True,320.0,240.0
white,msasl,D:\college\sem_mag_1\szum\MS-ASL\videos_MS_ASL_raw\msasl_raw_v8h6mw4zGys.mp4,0,93,94.0,3.103,29.97,0,True,640.0,360.0
i love you,msasl,D:\college\sem_mag_1\szum\MS-ASL\videos_MS_ASL_raw\msasl_raw_gh3CJlFFNF8.mp4,0,82,83.0,3.28,25.0,13,True,640.0,360.0
meat,msasl,D:\college\sem_mag_1\szum\MS-ASL\videos_MS_ASL_raw\msasl_raw_7YQyJCSb660.mp4,0,122,123.0,4.88,25.0,14,True,640.0,360.0
cat,msasl,D:\college\sem_mag_1\szum\MS-ASL\videos_MS_ASL_raw\msasl_raw_KHO8y8bOrNQ.mp4,0,78,79.0,3.12,25.0,0,True,480.0,360.0
government,msasl,D:\college\sem_mag_1\szum\MS-ASL\videos_MS_ASL_raw\msasl_raw_GxEgqNp118c.mp4,0,139,140.0,4.69,29.638,2,True,640.0,360.0
50,msasl,D:\college\sem_mag_1\szum\MS-ASL\videos_MS_ASL_raw\msasl_raw_5XzA1hCvpwc.mp4,34,89,56.0,1.848,29.753,29,True,540.0,360.0
50,msasl,D:\college\sem_mag_1\szum\MS-ASL\videos_MS_ASL_raw\msasl_raw_5XzA1hCvpwc.mp4,89,169,81.0,2.689,29.753,29,True,540.0,360.0
50,msasl,D:\college\sem_mag_1\szum\MS-ASL\videos_MS_ASL_raw\msasl_raw_5XzA1hCvpwc.mp4,169,221,53.0,1.7480000000000002,29.753,29,True,540.0,360.0
