label,rows_total,rows_removed,anomaly_rate,median_duration
come here,8,2,0.25,1.5350000000000001
this,4,1,0.25,2.3505000000000003
tobacco,4,1,0.25,2.9345
april,5,1,0.2,3.337
plant,5,1,0.2,2.569
scientist,5,1,0.2,3.704
cannot,6,1,0.16666666666666666,2.4345
tooth,6,1,0.16666666666666666,1.6705
contribute,7,1,0.14285714285714285,2.417
month,7,1,0.14285714285714285,2.711
ok,7,1,0.14285714285714285,2.402
quick,7,1,0.14285714285714285,2.603
represent,7,1,0.14285714285714285,2.5
cloud,8,1,0.125,2.186
blind,8,1,0.125,2.1854999999999998
more,8,1,0.125,2.368
city,9,1,0.1111111111111111,2.669
stay,9,1,0.1111111111111111,1.535
town,9,1,0.1111111111111111,2.733
appointment,10,1,0.1,3.1365
interest,10,1,0.1,2.793
thanksgiving,13,1,0.07692307692307693,2.236
your,6,0,0.0,1.7925
yourself,5,0,0.0,1.835
zero,4,0,0.0,1.9545
actor,6,0,0.0,2.8815
adapt,6,0,0.0,2.885
add,9,0,0.0,2.769
address,4,0,0.0,2.198
adjective,4,0,0.0,2.4909999999999997
adjust,4,0,0.0,3.218
admire,5,0,0.0,3.337
admit,5,0,0.0,1.793
adopt,6,0,0.0,1.877
adult,7,0,0.0,3.337
advanced,4,0,0.0,2.7359999999999998
advantage,4,0,0.0,2.4524999999999997
adverb,4,0,0.0,3.419
affect,6,0,0.0,3.415
afraid,5,0,0.0,2.76
africa,9,0,0.0,2.169
after,7,0,0.0,2.536
afternoon,7,0,0.0,2.569
again,8,0,0.0,2.4844999999999997
against,5,0,0.0,3.07
age,7,0,0.0,2.252
agenda,4,0,0.0,2.019
ago,9,0,0.0,1.668
agree,5,0,0.0,2.269
agreement,6,0,0.0,2.2190000000000003
ahead,4,0,0.0,2.24
aid,5,0,0.0,2.0
aim,5,0,0.0,3.003
airplane,7,0,0.0,3.17
alarm,5,0,0.0,2.6
alcohol,4,0,0.0,3.085
algebra,5,0,0.0,2.469
all,8,0,0.0,2.5229999999999997
all day,5,0,0.0,2.002
allergy,8,0,0.0,2.786
alligator,5,0,0.0,3.32
allow,8,0,0.0,2.5445
almost,5,0,0.0,3.633
alone,9,0,0.0,2.127
alphabet,4,0,0.0,3.141
already,8,0,0.0,2.5075
also,7,0,0.0,2.436
always,7,0,0.0,2.636
amazing,5,0,0.0,2.419
america,6,0,0.0,2.7024999999999997
amputate,5,0,0.0,2.7
analyze,8,0,0.0,2.8529999999999998
anatomy,4,0,0.0,3.3529999999999998
and,5,0,0.0,2.76
angel,7,0,0.0,2.044
angle,6,0,0.0,2.141
angry,7,0,0.0,1.935
animal,9,0,0.0,2.92
anniversary,5,0,0.0,3.136
announce,5,0,0.0,2.736
annoy,4,0,0.0,3.1814999999999998
another,5,0,0.0,2.703
answer,7,0,0.0,2.569
any,5,0,0.0,2.569
anyway,4,0,0.0,2.768
apart,5,0,0.0,2.586
apartment,6,0,0.0,2.686
apostrophe,6,0,0.0,1.5835
appear,7,0,0.0,2.669
appetite,5,0,0.0,3.4
apple,11,0,0.0,2.88
appreciate,5,0,0.0,2.87
approach,5,0,0.0,2.628
appropriate,5,0,0.0,2.936
approve,8,0,0.0,2.9779999999999998
archery,5,0,0.0,2.336
area,7,0,0.0,2.753
argue,10,0,0.0,2.5985
arizona,4,0,0.0,2.1395
arm,7,0,0.0,2.211
army,5,0,0.0,3.045
around,5,0,0.0,3.704
arrest,6,0,0.0,1.0219999999999998
arrive,8,0,0.0,2.6025
arrogant,6,0,0.0,3.335
art,7,0,0.0,2.961
article,4,0,0.0,3.2844999999999995
artist,5,0,0.0,3.6
asia,7,0,0.0,2.6
ask,7,0,0.0,1.702
asl,4,0,0.0,2.5244999999999997
assist,5,0,0.0,2.266
assistant,5,0,0.0,2.302
assume,4,0,0.0,2.8845
attend,5,0,0.0,3.233
attention,6,0,0.0,3.0484999999999998
attitude,7,0,0.0,2.002
attorney,4,0,0.0,3.5385
attract,6,0,0.0,2.04
auction,5,0,0.0,2.336
audience,6,0,0.0,1.1335
audiologist,4,0,0.0,3.4844999999999997
audiology,4,0,0.0,2.641
august,6,0,0.0,2.769
aunt,7,0,0.0,3.0
australia,9,0,0.0,2.302
austria,4,0,0.0,3.628
author,4,0,0.0,3.2344999999999997
authority,5,0,0.0,2.402
autumn,7,0,0.0,2.336
available,4,0,0.0,2.968
average,5,0,0.0,3.036
avoid,7,0,0.0,2.085
awake,5,0,0.0,3.17
award,3,0,0.0,3.036
aware,4,0,0.0,3.0679999999999996
away,6,0,0.0,2.8194999999999997
awful,8,0,0.0,2.2645
awkward,7,0,0.0,2.736
b,4,0,0.0,2.7359999999999998
baby,9,0,0.0,2.669
babysitter,4,0,0.0,3.7715
back,7,0,0.0,2.402
background,5,0,0.0,3.12
backpack,8,0,0.0,1.8014999999999999
bacon,7,0,0.0,2.294
bad,10,0,0.0,2.348
bake,7,0,0.0,2.667
balance,10,0,0.0,2.9175
bald,7,0,0.0,3.045
ball,9,0,0.0,2.87
balloon,9,0,0.0,1.919
banana,9,0,0.0,2.636
bank,3,0,0.0,1.602
baptize,5,0,0.0,2.035
bar,11,0,0.0,2.7
barely,9,0,0.0,1.368
bark,8,0,0.0,2.0854999999999997
baseball,6,0,0.0,3.1864999999999997
basement,6,0,0.0,2.6025
basic,4,0,0.0,2.2065
basketball,12,0,0.0,2.4234999999999998
bath,7,0,0.0,2.669
bathroom,7,0,0.0,2.836
battery,3,0,0.0,2.461
battle,4,0,0.0,3.088
bear,7,0,0.0,3.003
beard,9,0,0.0,2.87
beautiful,7,0,0.0,3.07
because,10,0,0.0,1.9184999999999999
become,5,0,0.0,2.252
bed,13,0,0.0,2.211
bedroom,6,0,0.0,2.9655
bee,6,0,0.0,2.586
beer,8,0,0.0,2.621
before,16,0,0.0,1.806
beg,5,0,0.0,2.236
beginning,7,0,0.0,1.401
behavior,5,0,0.0,3.066
behind,5,0,0.0,2.628
belief,7,0,0.0,2.6
believe,7,0,0.0,2.461
bell,6,0,0.0,2.5025
below,6,0,0.0,2.7845000000000004
belt,7,0,0.0,2.703
benefit,7,0,0.0,2.64
berry,5,0,0.0,1.835
beside,5,0,0.0,2.97
best,5,0,0.0,2.736
bet,6,0,0.0,2.7645
better,5,0,0.0,3.133
between,6,0,0.0,2.5445
bible,4,0,0.0,3.4865000000000004
bicycle,6,0,0.0,3.815
big,9,0,0.0,2.544
bike,4,0,0.0,2.995
binoculars,4,0,0.0,2.1685
biology,6,0,0.0,2.4855
bird,10,0,0.0,2.7279999999999998
birth,6,0,0.0,2.6985
birthday,6,0,0.0,2.536
bite,6,0,0.0,2.3395
bitter,8,0,0.0,2.3845
black,10,0,0.0,2.219
blame,6,0,0.0,2.2065
blanket,10,0,0.0,2.0435
blend,5,0,0.0,3.133
bless,6,0,0.0,2.1395
blood,5,0,0.0,3.036
blow,5,0,0.0,3.12
blue,8,0,0.0,2.3815
boast,4,0,0.0,3.003
boat,8,0,0.0,2.8525
body,6,0,0.0,2.0355
boil,4,0,0.0,2.669
bone,4,0,0.0,2.49
book,6,0,0.0,2.3855
bookshelf,3,0,0.0,3.12
bookstore,4,0,0.0,2.7510000000000003
boots,3,0,0.0,3.036
bored,7,0,0.0,1.668
borrow,6,0,0.0,1.8185
boss,7,0,0.0,2.44
both,6,0,0.0,2.8025
bother,8,0,0.0,2.686
bottle,7,0,0.0,2.461
bottom,8,0,0.0,2.0395
bowl,6,0,0.0,2.9445
bowling,13,0,0.0,2.035
box,7,0,0.0,2.936
boxing,4,0,0.0,2.4855
boy,8,0,0.0,2.4545
boyfriend,5,0,0.0,3.16
bra,4,0,0.0,2.8035
bracelet,7,0,0.0,3.003
brag,6,0,0.0,2.8280000000000003
braid,4,0,0.0,3.1144999999999996
brain,4,0,0.0,2.8545
brave,5,0,0.0,2.135
bread,7,0,0.0,2.402
break,5,0,0.0,2.669
breakdown,4,0,0.0,2.8625
breakfast,5,0,0.0,3.136
breathe,6,0,0.0,2.6235
breeze,4,0,0.0,2.903
bribe,3,0,0.0,3.203
bridge,4,0,0.0,3.053
brief,5,0,0.0,2.836
bright,6,0,0.0,2.6845
bring,8,0,0.0,2.7045000000000003
brochure,4,0,0.0,2.9415
broke,5,0,0.0,1.835
brother,11,0,0.0,2.569
brown,8,0,0.0,2.736
brush,7,0,0.0,2.87
buffalo,5,0,0.0,2.32
bug,4,0,0.0,2.198
build,6,0,0.0,2.365
building,6,0,0.0,2.9575
bull,5,0,0.0,2.32
bully,6,0,0.0,3.085
burp,4,0,0.0,2.119
bus,5,0,0.0,3.17
bush,6,0,0.0,3.55
business,7,0,0.0,2.211
busy,5,0,0.0,2.469
but,7,0,0.0,2.48
butter,6,0,0.0,2.8695000000000004
butterfly,5,0,0.0,2.836
button,5,0,0.0,3.103
buy,9,0,0.0,2.6
bye,5,0,0.0,2.469
cabbage,4,0,0.0,2.2855
cabinet,5,0,0.0,2.369
cafeteria,8,0,0.0,2.4855
cake,8,0,0.0,2.868
calculate,7,0,0.0,2.127
calculator,5,0,0.0,2.4
calculus,5,0,0.0,2.603
california,9,0,0.0,1.768
call,12,0,0.0,1.7005
calm,7,0,0.0,2.803
camel,4,0,0.0,3.055
camera,5,0,0.0,2.836
camp,5,0,0.0,2.36
camping,5,0,0.0,2.97
can,9,0,0.0,1.935
canada,7,0,0.0,2.903
cancel,8,0,0.0,1.8435000000000001
candidate,5,0,0.0,2.36
candle,6,0,0.0,2.7765
candy,13,0,0.0,2.502
canoe,4,0,0.0,2.9945
captain,3,0,0.0,3.136
caption,7,0,0.0,1.768
car,7,0,0.0,2.52
card,8,0,0.0,2.0895
cards,4,0,0.0,2.2855
care,7,0,0.0,2.72
careful,9,0,0.0,2.169
careless,2,0,0.0,2.2005
carnival,5,0,0.0,2.88
carrot,9,0,0.0,2.703
carry,7,0,0.0,2.84
cat,9,0,0.0,2.236
catch,9,0,0.0,2.461
category,5,0,0.0,2.87
caterpillar,4,0,0.0,3.425
catholic,5,0,0.0,2.211
cause,6,0,0.0,2.7590000000000003
ceiling,6,0,0.0,3.3034999999999997
celebrate,6,0,0.0,2.3395
cemetery,6,0,0.0,3.003
cent,6,0,0.0,2.564
center,7,0,0.0,2.002
cereal,8,0,0.0,2.7025
certificate,6,0,0.0,2.8485
chain,7,0,0.0,2.402
chair,7,0,0.0,2.703
challenge,6,0,0.0,2.565
champion,11,0,0.0,1.235
chance,5,0,0.0,2.4
change,12,0,0.0,2.631
chapter,5,0,0.0,3.003
character,7,0,0.0,3.033
chase,6,0,0.0,2.7119999999999997
chat,9,0,0.0,1.802
cheap,7,0,0.0,2.461
cheat,10,0,0.0,1.885
check,11,0,0.0,2.84
cheerleader,4,0,0.0,2.3975
cheese,7,0,0.0,2.711
chemical,5,0,0.0,3.1
chemistry,6,0,0.0,2.9015
cherry,5,0,0.0,2.102
chicago,3,0,0.0,2.436
chicken,5,0,0.0,2.236
child,9,0,0.0,2.169
children,7,0,0.0,2.603
china,4,0,0.0,2.0875
chocolate,6,0,0.0,2.7525
choice,8,0,0.0,2.241
choir,6,0,0.0,3.4349999999999996
choke,4,0,0.0,1.1804999999999999
choose,8,0,0.0,1.635
chop,7,0,0.0,2.753
christ,4,0,0.0,3.12
christian,7,0,0.0,2.402
christmas,8,0,0.0,2.2190000000000003
church,6,0,0.0,2.241
cigarette,5,0,0.0,2.736
circle,5,0,0.0,2.628
class,9,0,0.0,2.502
classroom,5,0,0.0,3.203
clean,7,0,0.0,2.636
clear,5,0,0.0,2.544
clever,6,0,0.0,1.952
click,4,0,0.0,3.0845000000000002
climb,5,0,0.0,3.37
clock,5,0,0.0,2.736
close,8,0,0.0,2.536
closet,5,0,0.0,2.74
clothes,5,0,0.0,2.736
clown,5,0,0.0,2.502
clueless,5,0,0.0,1.535
clumsy,5,0,0.0,2.903
coach,6,0,0.0,2.4354999999999998
coat,5,0,0.0,3.0
cochlear implant,7,0,0.0,1.668
coconut,5,0,0.0,2.467
coffee,7,0,0.0,3.07
cold,12,0,0.0,2.0855
collect,4,0,0.0,2.508
college,7,0,0.0,3.045
color,8,0,0.0,2.4524999999999997
comb,6,0,0.0,2.2525
come,6,0,0.0,2.2520000000000002
comfortable,7,0,0.0,2.336
comma,4,0,0.0,2.1185
command,5,0,0.0,3.0
comment,5,0,0.0,2.866
commit,4,0,0.0,2.635
committee,5,0,0.0,3.07
common,5,0,0.0,2.903
common sense,5,0,0.0,2.966
community,6,0,0.0,2.8845
commute,5,0,0.0,2.966
company,4,0,0.0,2.451
compare,7,0,0.0,2.836
compete,4,0,0.0,3.0010000000000003
complain,6,0,0.0,2.6029999999999998
complete,5,0,0.0,2.9
complex,7,0,0.0,3.103
compromise,6,0,0.0,2.3525
computer,14,0,0.0,2.152
concentrate,3,0,0.0,2.666
concept,4,0,0.0,2.9515000000000002
concern,5,0,0.0,3.17
conflict,7,0,0.0,2.833
confront,6,0,0.0,1.8975
confused,6,0,0.0,3.6185
congratulations,4,0,0.0,1.8185
congress,6,0,0.0,2.9345
connect,5,0,0.0,3.066
conquer,4,0,0.0,2.034
consider,4,0,0.0,2.803
constitution,6,0,0.0,2.23
construct,5,0,0.0,2.936
consume,4,0,0.0,1.7309999999999999
contact,7,0,0.0,2.68
contest,4,0,0.0,2.768
continue,6,0,0.0,2.6195000000000004
contract,3,0,0.0,2.302
control,5,0,0.0,2.18
conversation,5,0,0.0,2.202
convert,4,0,0.0,2.4845
convince,10,0,0.0,2.219
cook,8,0,0.0,2.6845
cookie,8,0,0.0,2.651
cool,16,0,0.0,2.1885
cooperate,3,0,0.0,3.07
cop,8,0,0.0,1.7349999999999999
copy,8,0,0.0,2.1355
corn,12,0,0.0,2.632
corner,5,0,0.0,2.502
correct,9,0,0.0,2.266
cost,6,0,0.0,2.4345
couch,5,0,0.0,2.336
cough,6,0,0.0,2.6345
counsel,5,0,0.0,2.7
counselor,4,0,0.0,2.58
count,6,0,0.0,1.8395000000000001
country,9,0,0.0,2.502
court,4,0,0.0,2.4175
cousin,14,0,0.0,2.486
cover,5,0,0.0,2.269
cow,9,0,0.0,2.566
crab,6,0,0.0,1.5434999999999999
cracker,6,0,0.0,2.102
crash,9,0,0.0,2.536
crave,5,0,0.0,2.536
crazy,7,0,0.0,3.2
create,4,0,0.0,1.9505
crocodile,4,0,0.0,2.6985
cross,5,0,0.0,1.935
crown,4,0,0.0,2.005
cruel,4,0,0.0,2.317
crush,4,0,0.0,2.148
cry,10,0,0.0,1.96
cuba,3,0,0.0,1.368
culture,4,0,0.0,3.0445
cup,6,0,0.0,2.0505
curious,6,0,0.0,2.2855
curriculum,6,0,0.0,2.684
curse,6,0,0.0,1.9505000000000001
curtain,2,0,0.0,2.169
customer,4,0,0.0,2.1185
cut,8,0,0.0,2.4524999999999997
cute,7,0,0.0,2.502
d,4,0,0.0,2.686
dad,7,0,0.0,2.636
daily,5,0,0.0,3.103
damage,4,0,0.0,2.263
dance,7,0,0.0,2.878
dancer,4,0,0.0,2.878
danger,5,0,0.0,3.27
dangerous,6,0,0.0,2.515
dark,12,0,0.0,2.402
date,5,0,0.0,2.236
daughter,10,0,0.0,2.152
dawn,4,0,0.0,2.502
day,9,0,0.0,2.436
dead,5,0,0.0,2.133
deaf,11,0,0.0,1.502
death,5,0,0.0,2.703
debate,4,0,0.0,3.085
debt,4,0,0.0,2.518
december,5,0,0.0,2.135
decide,9,0,0.0,2.236
decorate,9,0,0.0,2.402
decrease,5,0,0.0,2.875
deduct,6,0,0.0,2.0855
deep,8,0,0.0,2.319
deer,7,0,0.0,2.633
defeat,4,0,0.0,2.3025
defend,5,0,0.0,2.466
degree,6,0,0.0,2.4844999999999997
delay,11,0,0.0,1.568
delicious,10,0,0.0,2.019
deliver,4,0,0.0,2.044
demand,8,0,0.0,2.1260000000000003
democrat,4,0,0.0,2.601
demonstrate,6,0,0.0,2.0170000000000003
dentist,8,0,0.0,2.703
deny,5,0,0.0,2.233
deodorant,6,0,0.0,2.803
department,4,0,0.0,2.0435
depend,7,0,0.0,2.377
deposit,5,0,0.0,2.369
depressed,5,0,0.0,2.236
descend,4,0,0.0,2.9865000000000004
describe,7,0,0.0,2.7
desert,7,0,0.0,3.103
design,5,0,0.0,2.544
desk,6,0,0.0,1.951
dessert,8,0,0.0,2.067
destroy,7,0,0.0,2.366
detach,4,0,0.0,2.5675
detective,3,0,0.0,3.003
determine,4,0,0.0,2.551
develop,8,0,0.0,2.839
devil,3,0,0.0,2.133
diabetes,5,0,0.0,2.633
diamond,6,0,0.0,2.411
diaper,6,0,0.0,2.5564999999999998
diarrhea,6,0,0.0,2.3175
dice,4,0,0.0,2.9195
dictionary,6,0,0.0,2.8515
die,4,0,0.0,2.3175
different,8,0,0.0,2.0839999999999996
difficult,4,0,0.0,2.451
dig,5,0,0.0,2.733
dime,5,0,0.0,2.566
dining room,5,0,0.0,2.68
dinner,7,0,0.0,2.52
dinosaur,7,0,0.0,2.211
diploma,5,0,0.0,2.369
director,4,0,0.0,2.501
dirt,5,0,0.0,2.603
dirty,9,0,0.0,2.703
disagree,5,0,0.0,2.966
disappear,7,0,0.0,2.085
discipline,5,0,0.0,2.5
disconnect,8,0,0.0,2.48
discount,4,0,0.0,2.4525
discover,7,0,0.0,2.533
discuss,8,0,0.0,2.1435
disgust,6,0,0.0,2.786
disgusted,4,0,0.0,2.899
dismiss,4,0,0.0,1.923
dissolve,7,0,0.0,2.958
disturb,5,0,0.0,2.133
dive,9,0,0.0,2.369
divide,6,0,0.0,2.405
division,4,0,0.0,2.6864999999999997
divorce,6,0,0.0,3.053
dizzy,4,0,0.0,2.661
doctor,10,0,0.0,2.8845
document,7,0,0.0,3.086
dog,11,0,0.0,2.48
doll,7,0,0.0,2.8
dollar,8,0,0.0,1.5350000000000001
dolphin,5,0,0.0,1.168
don't want,6,0,0.0,2.2045
done,5,0,0.0,2.135
door,7,0,0.0,3.036
dorm,6,0,0.0,2.9025
dormitory,5,0,0.0,3.136
double,6,0,0.0,2.041
doubt,6,0,0.0,1.9609999999999999
down,8,0,0.0,2.1845
downstairs,4,0,0.0,1.6185
drag,3,0,0.0,2.833
dragon,3,0,0.0,2.84
drama,5,0,0.0,3.07
draw,6,0,0.0,2.348
drawer,7,0,0.0,2.28
dream,6,0,0.0,2.715
dress,8,0,0.0,2.3505000000000003
drink,15,0,0.0,2.002
drive,7,0,0.0,1.96
drop,9,0,0.0,1.935
drug,4,0,0.0,2.4565
drum,5,0,0.0,3.07
drunk,7,0,0.0,2.566
dry,9,0,0.0,2.102
duck,6,0,0.0,2.601
due,6,0,0.0,3.1515
dull,6,0,0.0,2.067
dumb,4,0,0.0,2.33
during,5,0,0.0,2.12
dusk,5,0,0.0,3.103
duty,5,0,0.0,2.56
dvd,4,0,0.0,2.2355
dye,4,0,0.0,2.6464999999999996
e,4,0,0.0,2.5735
each,4,0,0.0,2.7350000000000003
eagle,7,0,0.0,2.87
ear,8,0,0.0,2.184
early,6,0,0.0,1.9849999999999999
earn,6,0,0.0,2.2675
earring,6,0,0.0,2.273
earth,6,0,0.0,2.368
earthquake,5,0,0.0,2.8
east,8,0,0.0,2.4515000000000002
easter,7,0,0.0,1.735
easy,6,0,0.0,2.6175
eat,7,0,0.0,2.4
economy,5,0,0.0,2.736
educate,7,0,0.0,1.502
education,5,0,0.0,2.703
effort,4,0,0.0,3.4510000000000005
egg,7,0,0.0,2.5
egypt,7,0,0.0,2.769
eight,6,0,0.0,2.0145
eighteen,6,0,0.0,1.9979999999999998
either,3,0,0.0,2.461
electrician,5,0,0.0,3.003
electricity,5,0,0.0,2.44
elementary,4,0,0.0,3.003
elephant,7,0,0.0,2.566
elevator,6,0,0.0,2.5845000000000002
else,3,0,0.0,2.266
email,6,0,0.0,2.067
embarrass,6,0,0.0,2.5345
emergency,4,0,0.0,2.351
emotion,6,0,0.0,2.6500000000000004
empty,5,0,0.0,2.461
encourage,7,0,0.0,2.68
end,6,0,0.0,1.9540000000000002
energy,6,0,0.0,3.1515
engage,5,0,0.0,2.48
engagement,4,0,0.0,2.4025
engine,5,0,0.0,2.87
engineer,5,0,0.0,2.433
england,5,0,0.0,1.969
english,5,0,0.0,3.045
enjoy,8,0,0.0,2.521
enormous,5,0,0.0,3.17
enough,5,0,0.0,2.836
enter,5,0,0.0,2.636
envelope,4,0,0.0,2.1675
environment,11,0,0.0,2.6
equal,6,0,0.0,2.6555
erase,5,0,0.0,2.44
eraser,5,0,0.0,2.035
escape,8,0,0.0,2.1479999999999997
establish,5,0,0.0,2.833
eternity,5,0,0.0,2.733
europe,7,0,0.0,2.369
evaluate,5,0,0.0,2.769
evening,4,0,0.0,2.7515
event,7,0,0.0,2.28
every,5,0,0.0,2.903
every monday,5,0,0.0,1.568
every tuesday,5,0,0.0,1.768
everyday,4,0,0.0,2.6180000000000003
everything,4,0,0.0,2.718
evidence,7,0,0.0,2.533
exact,6,0,0.0,2.8055000000000003
exaggerate,5,0,0.0,2.033
example,11,0,0.0,2.266
except,5,0,0.0,2.433
exchange,8,0,0.0,2.184
excited,6,0,0.0,2.636
excuse,3,0,0.0,2.566
exercise,5,0,0.0,2.502
exhibit,4,0,0.0,2.468
expand,4,0,0.0,2.198
expect,6,0,0.0,2.102
expensive,8,0,0.0,1.9685000000000001
experience,7,0,0.0,3.036
experiment,6,0,0.0,2.7720000000000002
expert,7,0,0.0,1.034
explain,7,0,0.0,2.7
explode,4,0,0.0,2.7885
express,4,0,0.0,2.6485
eye,6,0,0.0,1.984
eyeglasses,4,0,0.0,2.201
eyes,5,0,0.0,2.033
f,4,0,0.0,2.3565
face,8,0,0.0,2.5845000000000002
fact,6,0,0.0,2.7015000000000002
faculty,5,0,0.0,1.835
fail,6,0,0.0,1.8675
fairy,4,0,0.0,2.964
fake,6,0,0.0,1.5225
fall in love,5,0,0.0,2.269
familiar,3,0,0.0,2.5
family,11,0,0.0,2.769
famous,6,0,0.0,2.875
fancy,7,0,0.0,2.669
far,11,0,0.0,2.269
farm,8,0,0.0,2.181
farmer,4,0,0.0,2.851
fast,9,0,0.0,1.966
fat,10,0,0.0,2.551
father,7,0,0.0,2.903
fault,9,0,0.0,1.235
favorite,5,0,0.0,2.68
fear,5,0,0.0,2.433
february,4,0,0.0,2.473
federal,4,0,0.0,2.2025
feed,6,0,0.0,2.3520000000000003
feedback,6,0,0.0,2.618
feel,7,0,0.0,2.903
fence,6,0,0.0,2.318
festival,4,0,0.0,2.7350000000000003
few,5,0,0.0,2.366
fight,7,0,0.0,2.069
final,5,0,0.0,2.72
finally,7,0,0.0,1.969
finance,4,0,0.0,2.002
find,8,0,0.0,2.301
fine,9,0,0.0,2.536
fingerspell,3,0,0.0,1.969
finish,9,0,0.0,1.502
fire,3,0,0.0,1.835
firefighter,5,0,0.0,1.835
first,9,0,0.0,2.236
fish,10,0,0.0,2.3175
fishing,6,0,0.0,3.024
five,5,0,0.0,1.802
fix,6,0,0.0,2.6525
flag,6,0,0.0,3.135
flatter,4,0,0.0,2.641
flexible,7,0,0.0,2.169
flirt,6,0,0.0,1.976
flood,4,0,0.0,2.8025
floor,6,0,0.0,2.002
florida,4,0,0.0,2.7275
flower,7,0,0.0,2.369
flute,6,0,0.0,2.8515
fly,8,0,0.0,2.876
fold,6,0,0.0,2.7345
follow,9,0,0.0,1.877
food,7,0,0.0,2.7
fool,5,0,0.0,3.045
football,9,0,0.0,2.127
for,5,0,0.0,1.752
forbid,4,0,0.0,2.29
forest,7,0,0.0,2.936
forever,6,0,0.0,1.9045
forget,7,0,0.0,1.793
forgive,5,0,0.0,2.333
fork,4,0,0.0,1.689
form,9,0,0.0,2.4
former,5,0,0.0,2.966
four,5,0,0.0,1.84
fourth,5,0,0.0,2.703
fox,7,0,0.0,2.133
france,6,0,0.0,2.3840000000000003
free,4,0,0.0,1.5725
freeway,4,0,0.0,1.867
freeze,7,0,0.0,2.366
french,5,0,0.0,2.302
french fries,6,0,0.0,2.1005000000000003
friday,6,0,0.0,2.3845
friend,7,0,0.0,3.045
friendly,7,0,0.0,2.169
frog,7,0,0.0,2.002
from,7,0,0.0,2.87
from now on,5,0,0.0,1.368
front,8,0,0.0,1.9849999999999999
fruit,7,0,0.0,2.836
full,10,0,0.0,2.152
fun,7,0,0.0,2.202
function,7,0,0.0,3.253
funeral,5,0,0.0,2.736
funny,5,0,0.0,2.033
furniture,3,0,0.0,1.969
future,9,0,0.0,2.266
g,4,0,0.0,2.2645
gallaudet,4,0,0.0,1.7185
gamble,5,0,0.0,1.735
game,6,0,0.0,2.4515000000000002
gang,4,0,0.0,3.0185
garage,3,0,0.0,2.002
gas,7,0,0.0,2.4
gasoline,4,0,0.0,2.368
gather,6,0,0.0,2.6345
gay,4,0,0.0,2.2025
general,6,0,0.0,2.073
generation,4,0,0.0,3.1015
geography,7,0,0.0,2.436
geometry,5,0,0.0,2.369
german,5,0,0.0,2.2
germany,6,0,0.0,2.372
get,7,0,0.0,2.92
get up,6,0,0.0,1.7349999999999999
ghost,6,0,0.0,2.733
gift,4,0,0.0,2.5694999999999997
giraffe,7,0,0.0,2.32
girl,9,0,0.0,2.127
girlfriend,5,0,0.0,2.636
give,10,0,0.0,1.5965
give up,6,0,0.0,2.511
glass,7,0,0.0,2.236
glasses,9,0,0.0,2.536
gloves,2,0,0.0,1.7845
go,15,0,0.0,2.035
goal,7,0,0.0,1.877
goat,6,0,0.0,2.4885
god,7,0,0.0,2.033
gold,4,0,0.0,1.2345
golf,7,0,0.0,2.302
gone,5,0,0.0,2.302
good,10,0,0.0,1.7215
goodbye,5,0,0.0,2.035
gorilla,5,0,0.0,1.835
gossip,6,0,0.0,2.419
government,10,0,0.0,2.063
grab,4,0,0.0,2.0855
graduate,10,0,0.0,1.952
graduation,5,0,0.0,2.002
grammar,9,0,0.0,3.07
grandfather,7,0,0.0,2.64
grandma,4,0,0.0,2.6015
grandmother,7,0,0.0,2.269
grapes,7,0,0.0,2.469
grass,5,0,0.0,2.466
grateful,5,0,0.0,1.101
gray,6,0,0.0,2.9845
great,9,0,0.0,2.202
greece,7,0,0.0,2.867
green,7,0,0.0,2.133
grey,2,0,0.0,2.9845
group,8,0,0.0,1.835
grow,6,0,0.0,2.5675
grow up,4,0,0.0,2.1215
guess,6,0,0.0,2.4025
guide,5,0,0.0,2.433
guilty,7,0,0.0,2.233
guitar,7,0,0.0,2.366
gum,6,0,0.0,2.743
gun,4,0,0.0,2.4175
gymnastics,4,0,0.0,2.5195
h,4,0,0.0,2.123
habit,4,0,0.0,2.7845
hair,9,0,0.0,2.803
haircut,3,0,0.0,2.069
half,5,0,0.0,2.56
halloween,9,0,0.0,2.502
hamburger,6,0,0.0,2.7675
hammer,6,0,0.0,2.3979999999999997
hang up,3,0,0.0,1.418
hanukkah,4,0,0.0,2.217
happen,6,0,0.0,2.2255000000000003
happy,8,0,0.0,2.5025
hard,6,0,0.0,1.884
hard of hearing,5,0,0.0,2.336
hat,9,0,0.0,2.269
hate,4,0,0.0,2.434
have,6,0,0.0,1.8175
hawaii,7,0,0.0,2.402
head,6,0,0.0,2.2345
headache,9,0,0.0,2.736
health,6,0,0.0,2.636
heap,5,0,0.0,1.368
hear,9,0,0.0,1.602
hearing,8,0,0.0,2.3005
hearing aid,5,0,0.0,2.711
heart,8,0,0.0,1.952
heart attack,5,0,0.0,2.769
heaven,5,0,0.0,2.753
heavy,5,0,0.0,2.402
helicopter,8,0,0.0,2.4065
hello,4,0,0.0,2.1175
helmet,5,0,0.0,2.269
help,14,0,0.0,2.2005
her,8,0,0.0,2.219
here,7,0,0.0,2.502
herself,7,0,0.0,1.835
hide,5,0,0.0,2.402
high,6,0,0.0,2.2565
high school,4,0,0.0,2.651
highway,7,0,0.0,1.435
hill,3,0,0.0,2.569
hippopotamus,3,0,0.0,2.436
his,4,0,0.0,1.8185
history,8,0,0.0,2.3855
hit,6,0,0.0,1.568
hockey,5,0,0.0,2.127
hold,5,0,0.0,1.768
holy,5,0,0.0,2.9
home,7,0,0.0,2.6
homework,5,0,0.0,2.769
honest,5,0,0.0,2.4
honey,5,0,0.0,2.377
honor,6,0,0.0,2.341
hop,4,0,0.0,1.9169999999999998
hope,9,0,0.0,1.835
horse,4,0,0.0,2.7525
hospital,7,0,0.0,2.633
host,5,0,0.0,1.835
hot,10,0,0.0,1.9355
hot dog,5,0,0.0,2.469
hour,7,0,0.0,2.302
house,7,0,0.0,2.402
how,9,0,0.0,2.669
hug,5,0,0.0,2.069
human,4,0,0.0,1.984
humble,8,0,0.0,1.5350000000000001
hungry,6,0,0.0,2.601
hunt,5,0,0.0,2.069
hurricane,5,0,0.0,2.703
hurry,7,0,0.0,2.002
hurt,5,0,0.0,2.536
husband,7,0,0.0,2.633
i,4,0,0.0,3.107
ice cream,7,0,0.0,2.369
idea,8,0,0.0,2.2055
identify,5,0,0.0,2.469
if,6,0,0.0,2.5010000000000003
ignore,5,0,0.0,2.044
ill,4,0,0.0,3.0815
illegal,5,0,0.0,2.436
image,5,0,0.0,2.135
impact,5,0,0.0,2.3
important,8,0,0.0,2.4735
impossible,6,0,0.0,2.38
improve,9,0,0.0,2.135
in,7,0,0.0,2.236
include,4,0,0.0,2.7515
increase,5,0,0.0,2.766
independent,7,0,0.0,2.252
india,4,0,0.0,1.8675
individual,4,0,0.0,2.7634999999999996
infection,6,0,0.0,2.0940000000000003
influence,6,0,0.0,2.5134999999999996
inform,9,0,0.0,2.202
information,7,0,0.0,2.336
innocent,4,0,0.0,1.717
insect,5,0,0.0,3.136
inside,6,0,0.0,2.472
inspect,5,0,0.0,2.836
inspire,5,0,0.0,1.935
instead,5,0,0.0,2.633
institute,5,0,0.0,2.044
insurance,6,0,0.0,2.1675
interesting,6,0,0.0,1.547
international,3,0,0.0,2.633
internet,8,0,0.0,2.4345
interpret,4,0,0.0,2.434
interpreter,5,0,0.0,2.461
interrupt,5,0,0.0,2.769
intersection,4,0,0.0,2.2855
interview,5,0,0.0,2.333
introduce,6,0,0.0,2.2885
invest,7,0,0.0,1.793
investigate,6,0,0.0,2.5679999999999996
invite,5,0,0.0,2.133
involve,5,0,0.0,1.969
iran,7,0,0.0,1.668
ireland,4,0,0.0,1.5225
iron,4,0,0.0,2.6095
island,6,0,0.0,2.5220000000000002
israel,5,0,0.0,1.735
italy,5,0,0.0,2.2
j,4,0,0.0,2.202
jacket,7,0,0.0,2.233
jail,5,0,0.0,2.211
january,5,0,0.0,2.5
japan,7,0,0.0,2.166
jealous,8,0,0.0,2.4515000000000002
jesus,6,0,0.0,1.834
jewelry,6,0,0.0,2.0854999999999997
jewish,5,0,0.0,1.602
join,8,0,0.0,2.1505
joke,5,0,0.0,2.202
journey,4,0,0.0,2.051
joy,5,0,0.0,2.466
judge,5,0,0.0,2.002
july,4,0,0.0,2.268
jump,6,0,0.0,2.4885
june,5,0,0.0,3.036
k,4,0,0.0,2.4735
kangaroo,3,0,0.0,2.044
karate,4,0,0.0,1.517
keep,6,0,0.0,2.1174999999999997
key,6,0,0.0,2.547
keyboard,6,0,0.0,2.798
kick,5,0,0.0,2.544
kid,5,0,0.0,2.92
kill,7,0,0.0,2.4
kindergarten,5,0,0.0,2.766
king,7,0,0.0,2.766
kiss,9,0,0.0,1.335
kitchen,7,0,0.0,1.752
kneel,4,0,0.0,2.5010000000000003
knife,6,0,0.0,2.615
knock,3,0,0.0,2.002
know,8,0,0.0,2.106
label,6,0,0.0,2.6189999999999998
lady,5,0,0.0,3.036
lamp,2,0,0.0,1.7014999999999998
land,6,0,0.0,2.8195
language,10,0,0.0,2.1064999999999996
laptop,6,0,0.0,2.2190000000000003
large,7,0,0.0,1.935
last,12,0,0.0,2.0345
last week,5,0,0.0,2.3
last year,6,0,0.0,2.82
late,8,0,0.0,2.0995
later,12,0,0.0,2.2729999999999997
laugh,11,0,0.0,1.668
laundry,4,0,0.0,2.8865
law,7,0,0.0,2.169
lawyer,5,0,0.0,3.27
lazy,6,0,0.0,2.8529999999999998
lead,7,0,0.0,2.753
leader,5,0,0.0,3.36
leaf,6,0,0.0,3.02
league,3,0,0.0,2.127
leak,5,0,0.0,3.136
learn,8,0,0.0,2.6820000000000004
leave,11,0,0.0,2.202
lecture,7,0,0.0,1.668
left,5,0,0.0,1.635
legal,4,0,0.0,2.7359999999999998
lemon,8,0,0.0,2.252
lend,6,0,0.0,1.9645
lesbian,6,0,0.0,2.4385
less,5,0,0.0,2.603
lesson,6,0,0.0,2.1355
let,4,0,0.0,1.8519999999999999
letter,11,0,0.0,2.461
lettuce,7,0,0.0,2.127
liability,5,0,0.0,2.68
librarian,4,0,0.0,3.075
library,5,0,0.0,3.033
license,3,0,0.0,2.202
lie,7,0,0.0,1.635
lift,6,0,0.0,2.755
light,8,0,0.0,2.0815
lightning,6,0,0.0,2.851
like,10,0,0.0,2.4509999999999996
limit,7,0,0.0,2.102
line,6,0,0.0,3.0694999999999997
linguistics,7,0,0.0,2.0
lion,5,0,0.0,3.07
lip,4,0,0.0,2.833
lipstick,4,0,0.0,2.2525
list,9,0,0.0,2.236
listen,7,0,0.0,2.633
little bit,3,0,0.0,3.17
live,6,0,0.0,1.9375
loan,3,0,0.0,3.166
lobster,7,0,0.0,1.752
local,4,0,0.0,2.8215000000000003
lock,6,0,0.0,2.7359999999999998
lonely,6,0,0.0,2.8695
long,5,0,0.0,1.335
look at,2,0,0.0,1.9469999999999998
look for,3,0,0.0,3.1
lord,4,0,0.0,2.1020000000000003
lose,9,0,0.0,2.369
loud,6,0,0.0,1.927
lousy,6,0,0.0,2.0229999999999997
love,7,0,0.0,2.202
lucky,7,0,0.0,1.335
lunch,6,0,0.0,2.7359999999999998
m,4,0,0.0,2.4525
machine,6,0,0.0,2.8155
mad,5,0,0.0,1.168
magazine,5,0,0.0,3.32
magic,5,0,0.0,2.502
mainstream,5,0,0.0,2.769
major,5,0,0.0,2.436
make,9,0,0.0,1.602
man,12,0,0.0,2.669
manage,5,0,0.0,2.76
manager,5,0,0.0,2.666
many,10,0,0.0,1.9940000000000002
march,7,0,0.0,2.302
marry,7,0,0.0,2.56
match,8,0,0.0,2.348
math,7,0,0.0,2.502
mature,4,0,0.0,2.9779999999999998
maximum,6,0,0.0,3.0515
maybe,6,0,0.0,2.5025000000000004
me,4,0,0.0,2.3025
mean,8,0,0.0,2.4885
meaning,2,0,0.0,2.24
measure,7,0,0.0,2.753
meat,8,0,0.0,2.974
mechanic,6,0,0.0,2.176
medicine,8,0,0.0,3.2365000000000004
meet,9,0,0.0,2.127
meeting,6,0,0.0,2.1855
melody,5,0,0.0,2.7
melt,4,0,0.0,3.0715000000000003
member,5,0,0.0,2.636
memorize,7,0,0.0,2.669
mention,3,0,0.0,2.794
message,5,0,0.0,3.0
metal,4,0,0.0,2.0355
mexico,6,0,0.0,2.8680000000000003
microphone,5,0,0.0,2.502
microscope,4,0,0.0,2.221
microwave,7,0,0.0,2.36
middle,7,0,0.0,3.04
midnight,4,0,0.0,2.269
military,3,0,0.0,2.84
milk,5,0,0.0,2.302
mind,5,0,0.0,2.32
mine,4,0,0.0,2.384
minus,4,0,0.0,2.251
minute,9,0,0.0,2.236
mirror,8,0,0.0,2.436
miss,8,0,0.0,2.469
mistake,4,0,0.0,2.6195000000000004
misunderstand,4,0,0.0,3.0515
mix,6,0,0.0,2.948
mock,3,0,0.0,2.84
mom,7,0,0.0,2.502
monday,6,0,0.0,2.7569999999999997
money,6,0,0.0,2.423
monkey,7,0,0.0,2.603
monster,5,0,0.0,2.169
worthless,5,0,0.0,2.252
monthly,4,0,0.0,3.4015000000000004
moon,7,0,0.0,2.669
moose,4,0,0.0,2.4924999999999997
wow,9,0,0.0,2.069
morning,6,0,0.0,2.5175
mosquito,4,0,0.0,2.682
most,7,0,0.0,2.52
mother,11,0,0.0,2.502
motivate,6,0,0.0,2.6180000000000003
motor,5,0,0.0,3.16
motorcycle,7,0,0.0,2.436
mountain,5,0,0.0,2.87
mouse,5,0,0.0,2.603
mouth,5,0,0.0,2.636
move,10,0,0.0,2.0355
movie,5,0,0.0,2.6
much,6,0,0.0,2.5265
multiply,6,0,0.0,2.9015
murder,4,0,0.0,2.8200000000000003
muscle,5,0,0.0,2.803
museum,5,0,0.0,2.878
mushroom,5,0,0.0,1.835
music,8,0,0.0,2.551
must,7,0,0.0,1.502
mustache,5,0,0.0,3.303
my,6,0,0.0,2.3674999999999997
myself,6,0,0.0,1.967
n,4,0,0.0,2.3564999999999996
name,6,0,0.0,2.419
napkin,7,0,0.0,1.919
narrow,4,0,0.0,3.0845000000000002
nation,5,0,0.0,3.003
near,9,0,0.0,2.169
necessary,4,0,0.0,2.9080000000000004
neck,6,0,0.0,2.6799999999999997
necklace,9,0,0.0,2.669
need,6,0,0.0,2.7195
negative,7,0,0.0,2.92
negotiate,3,0,0.0,2.803
neighbor,7,0,0.0,2.586
nephew,6,0,0.0,2.753
nervous,7,0,0.0,2.269
network,6,0,0.0,3.032
neutral,6,0,0.0,2.2175
never,7,0,0.0,2.419
new,9,0,0.0,1.602
new york,4,0,0.0,3.1849999999999996
newspaper,4,0,0.0,2.803
next,5,0,0.0,2.636
nice,6,0,0.0,2.6189999999999998
nickel,4,0,0.0,2.338
niece,7,0,0.0,2.669
night,5,0,0.0,2.603
nine,5,0,0.0,2.24
nineteen,6,0,0.0,2.144
no,11,0,0.0,2.169
none,7,0,0.0,2.502
noon,6,0,0.0,2.5854999999999997
normal,5,0,0.0,3.003
north,7,0,0.0,2.636
northwest,4,0,0.0,1.964
nose,6,0,0.0,2.2525
not,7,0,0.0,2.202
not yet,4,0,0.0,1.468
nothing,6,0,0.0,2.797
notice,6,0,0.0,2.893
november,5,0,0.0,2.603
now,9,0,0.0,2.603
number,5,0,0.0,2.067
numerous,5,0,0.0,2.7
nun,4,0,0.0,2.3025
nurse,6,0,0.0,2.853
nut,5,0,0.0,2.669
o,4,0,0.0,2.2855
objective,4,0,0.0,2.751
obsess,7,0,0.0,2.135
obtain,5,0,0.0,2.666
occur,3,0,0.0,2.7
ocean,5,0,0.0,3.27
october,5,0,0.0,2.48
octopus,5,0,0.0,2.836
odd,4,0,0.0,2.6845
odor,5,0,0.0,2.833
off,7,0,0.0,2.536
offer,6,0,0.0,2.034
office,9,0,0.0,2.236
often,6,0,0.0,2.6015
wrap,6,0,0.0,2.708
old,7,0,0.0,2.336
olympics,3,0,0.0,2.703
on,5,0,0.0,2.36
once,5,0,0.0,2.8
one,8,0,0.0,2.269
onion,8,0,0.0,1.6935
only,6,0,0.0,2.334
open,7,0,0.0,2.402
operate,6,0,0.0,2.6945
opinion,7,0,0.0,2.502
opposite,5,0,0.0,2.44
or,3,0,0.0,2.6
oral,4,0,0.0,2.5275
orange,10,0,0.0,2.7845
order,10,0,0.0,2.221
organize,5,0,0.0,1.902
other,5,0,0.0,2.703
our,4,0,0.0,3.0780000000000003
out,5,0,0.0,1.966
outside,9,0,0.0,2.502
over,6,0,0.0,2.1355
overcome,5,0,0.0,1.068
overlook,5,0,0.0,2.4
overwhelm,8,0,0.0,2.1105
owe,5,0,0.0,2.5
owl,5,0,0.0,2.569
p,4,0,0.0,2.2565
pack,5,0,0.0,2.436
page,5,0,0.0,2.436
pain,5,0,0.0,2.736
paint,7,0,0.0,1.635
painter,5,0,0.0,3.07
pants,8,0,0.0,2.0185
paper,8,0,0.0,2.3345000000000002
parachute,4,0,0.0,2.968
parade,6,0,0.0,2.6025
paragraph,5,0,0.0,3.033
parallel,5,0,0.0,2.419
parents,3,0,0.0,3.28
part,4,0,0.0,2.7345
party,9,0,0.0,2.461
pass,7,0,0.0,2.703
past,9,0,0.0,2.569
path,6,0,0.0,3.4050000000000002
patient,7,0,0.0,1.969
pause,5,0,0.0,2.666
pay,7,0,0.0,1.869
pay attention,4,0,0.0,3.0515
peace,4,0,0.0,2.701
peaceful,7,0,0.0,2.544
peach,6,0,0.0,2.603
peanut butter,5,0,0.0,2.903
pear,3,0,0.0,2.628
peel,4,0,0.0,2.97
penalty,4,0,0.0,2.7430000000000003
pencil,5,0,0.0,2.603
pennsylvania,5,0,0.0,2.102
penny,3,0,0.0,2.6
people,6,0,0.0,2.419
pepper,7,0,0.0,1.301
percent,4,0,0.0,1.9505000000000001
perfect,7,0,0.0,1.877
perfume,5,0,0.0,1.468
period,5,0,0.0,2.336
permit,4,0,0.0,2.252
person,7,0,0.0,2.033
personality,4,0,0.0,2.8365
perspective,10,0,0.0,2.615
pet,5,0,0.0,2.669
philadelphia,4,0,0.0,2.252
philosophy,6,0,0.0,2.1175
phone,5,0,0.0,2.72
photographer,5,0,0.0,3.036
phrase,6,0,0.0,2.948
physician,6,0,0.0,2.8165
physics,6,0,0.0,2.636
piano,5,0,0.0,2.533
pick,5,0,0.0,1.802
pickle,4,0,0.0,1.1179999999999999
picture,6,0,0.0,2.319
pie,5,0,0.0,2.6
piece,4,0,0.0,2.6345
pig,7,0,0.0,2.336
pillow,7,0,0.0,2.002
pilot,4,0,0.0,2.935
pink,9,0,0.0,2.336
pity,5,0,0.0,2.836
pizza,12,0,0.0,2.469
place,5,0,0.0,2.169
plan,7,0,0.0,2.211
wrench,3,0,0.0,3.136
plate,5,0,0.0,2.466
play,11,0,0.0,2.569
player,4,0,0.0,2.899
please,7,0,0.0,2.666
plenty,5,0,0.0,2.566
plus,7,0,0.0,2.033
pneumonia,5,0,0.0,1.869
pocket,6,0,0.0,1.3475000000000001
point,9,0,0.0,2.666
polar bear,5,0,0.0,3.837
police,8,0,0.0,2.1189999999999998
policeman,5,0,0.0,2.96
policy,6,0,0.0,2.69
polite,6,0,0.0,2.84
politics,6,0,0.0,2.4189999999999996
poop,5,0,0.0,2.269
poor,6,0,0.0,2.7024999999999997
popcorn,4,0,0.0,2.101
popular,6,0,0.0,2.5525
position,4,0,0.0,3.253
positive,5,0,0.0,2.961
possible,8,0,0.0,1.9689999999999999
post,2,0,0.0,3.168
postpone,8,0,0.0,1.6015000000000001
potato,8,0,0.0,2.4509999999999996
potential,5,0,0.0,2.766
pound,6,0,0.0,2.4995
pour,5,0,0.0,1.835
poverty,4,0,0.0,2.169
power,7,0,0.0,1.635
practice,9,0,0.0,2.169
praise,5,0,0.0,2.5
pray,6,0,0.0,2.6845
preach,5,0,0.0,2.766
preacher,3,0,0.0,2.636
precious,5,0,0.0,2.736
precipitation,6,0,0.0,2.8865
precise,4,0,0.0,2.301
predict,6,0,0.0,2.985
prefer,3,0,0.0,2.933
pregnant,5,0,0.0,2.536
prepare,7,0,0.0,2.533
preschool,3,0,0.0,2.669
present,8,0,0.0,2.636
presentation,8,0,0.0,1.6055
president,9,0,0.0,2.836
pressure,5,0,0.0,3.003
pretty,5,0,0.0,2.377
prevent,5,0,0.0,2.9
price,6,0,0.0,2.006
pride,5,0,0.0,2.903
priest,5,0,0.0,1.568
prince,3,0,0.0,2.569
princess,3,0,0.0,3.103
principal,5,0,0.0,2.603
principle,5,0,0.0,2.52
print,6,0,0.0,2.4939999999999998
printer,6,0,0.0,2.651
priority,4,0,0.0,1.564
prison,6,0,0.0,2.3440000000000003
private,7,0,0.0,1.935
problem,9,0,0.0,2.085
process,4,0,0.0,3.0515
procrastinate,7,0,0.0,1.635
professional,7,0,0.0,1.793
professor,5,0,0.0,3.17
profit,4,0,0.0,2.8345000000000002
program,6,0,0.0,2.586
progress,4,0,0.0,2.5195
project,7,0,0.0,3.07
promise,5,0,0.0,2.97
promote,4,0,0.0,2.8674999999999997
proof,6,0,0.0,2.2145
propaganda,2,0,0.0,2.564
proper,4,0,0.0,2.718
prostitute,4,0,0.0,2.801
protect,6,0,0.0,2.2755
proud,5,0,0.0,2.233
prove,5,0,0.0,1.502
provide,6,0,0.0,2.5484999999999998
psychologist,3,0,0.0,2.803
psychology,6,0,0.0,2.768
public,5,0,0.0,2.603
publish,6,0,0.0,2.7175000000000002
pull,9,0,0.0,2.169
pumpkin,5,0,0.0,2.903
punish,6,0,0.0,2.7175000000000002
purchase,4,0,0.0,3.151
pure,4,0,0.0,2.9675000000000002
purple,8,0,0.0,2.5525
purpose,6,0,0.0,3.085
pursue,4,0,0.0,2.89
push,6,0,0.0,2.518
put,6,0,0.0,2.2005
put off,5,0,0.0,2.936
puzzled,6,0,0.0,1.4304999999999999
q,4,0,0.0,2.7024999999999997
quality,5,0,0.0,2.966
quarrel,4,0,0.0,2.5695
quarter,5,0,0.0,2.436
queen,6,0,0.0,1.7894999999999999
question,5,0,0.0,2.836
wristwatch,6,0,0.0,2.5635000000000003
quiet,7,0,0.0,2.794
quit,7,0,0.0,1.435
quote,6,0,0.0,2.7115
r,4,0,0.0,2.1689999999999996
rabbit,8,0,0.0,2.457
raccoon,7,0,0.0,2.669
race,6,0,0.0,2.3525
radio,6,0,0.0,2.5525
rage,4,0,0.0,2.401
rain,7,0,0.0,2.603
rainbow,5,0,0.0,2.88
rake,5,0,0.0,2.711
rat,6,0,0.0,2.4025
rather,4,0,0.0,2.601
read,6,0,0.0,2.5860000000000003
ready,10,0,0.0,2.1094999999999997
real,4,0,0.0,2.71
realize,4,0,0.0,2.2355
really,7,0,0.0,2.566
reason,7,0,0.0,2.636
receive,5,0,0.0,2.533
recent,7,0,0.0,2.127
recliner,4,0,0.0,3.2350000000000003
recognize,5,0,0.0,2.9
recommend,4,0,0.0,2.718
recover,6,0,0.0,2.536
red,7,0,0.0,2.069
reduce,5,0,0.0,1.502
refer,5,0,0.0,1.435
referee,5,0,0.0,1.535
refuse,6,0,0.0,2.1395
regular,4,0,0.0,2.1645
rehearse,7,0,0.0,2.936
reject,5,0,0.0,1.46
relate,5,0,0.0,2.669
relationship,5,0,0.0,2.836
relax,4,0,0.0,3.0365
release,5,0,0.0,2.6
relief,6,0,0.0,2.0675
religion,7,0,0.0,2.085
rely,5,0,0.0,2.833
remember,7,0,0.0,1.877
remote control,5,0,0.0,2.502
remove,7,0,0.0,2.586
rent,5,0,0.0,2.669
repeat,5,0,0.0,2.333
replace,5,0,0.0,2.135
reply,4,0,0.0,2.551
report,3,0,0.0,1.21
write,10,0,0.0,2.569
reputation,5,0,0.0,3.0
request,4,0,0.0,2.3345
require,6,0,0.0,1.9005
rescue,4,0,0.0,2.8345000000000002
research,7,0,0.0,2.336
resign,5,0,0.0,2.333
resist,3,0,0.0,2.466
respect,7,0,0.0,2.252
responsibility,6,0,0.0,2.2455
responsible,4,0,0.0,2.7015000000000002
rest,6,0,0.0,3.0515
restaurant,7,0,0.0,2.211
restroom,3,0,0.0,2.569
result,7,0,0.0,2.366
retire,7,0,0.0,1.802
retreat,4,0,0.0,2.3975
reveal,5,0,0.0,1.268
revenge,6,0,0.0,2.055
review,7,0,0.0,1.168
rich,6,0,0.0,2.5175
ride,8,0,0.0,2.218
ridiculous,4,0,0.0,2.469
right,9,0,0.0,2.266
ring,5,0,0.0,2.8
rise,7,0,0.0,1.602
river,5,0,0.0,1.96
road,4,0,0.0,2.613
roar,4,0,0.0,2.6845
rob,8,0,0.0,1.5345
robber,5,0,0.0,2.8
robot,4,0,0.0,2.5525
rock,6,0,0.0,1.9885000000000002
role,5,0,0.0,2.87
roof,4,0,0.0,1.827
room,11,0,0.0,1.752
roommate,5,0,0.0,2.3
rooster,5,0,0.0,2.127
rope,4,0,0.0,2.5345
rose,5,0,0.0,2.333
rough,7,0,0.0,1.919
rubber,5,0,0.0,2.569
rude,6,0,0.0,2.8515
ruin,4,0,0.0,1.9340000000000002
rule,6,0,0.0,1.7305
run,7,0,0.0,2.466
rush,5,0,0.0,2.033
russia,8,0,0.0,1.5015
s,4,0,0.0,2.6985
sad,8,0,0.0,2.5860000000000003
safe,5,0,0.0,3.07
salad,6,0,0.0,2.4844999999999997
salary,5,0,0.0,3.233
salt,8,0,0.0,2.536
salute,4,0,0.0,3.035
same,9,0,0.0,1.543
sandwich,10,0,0.0,2.127
satisfy,5,0,0.0,2.803
saturday,7,0,0.0,2.469
sauce,4,0,0.0,2.465
sausage,4,0,0.0,2.3689999999999998
save,8,0,0.0,2.3855
saw,3,0,0.0,2.436
say,6,0,0.0,2.4105
scan,3,0,0.0,3.6
scared,8,0,0.0,2.276
schedule,5,0,0.0,3.06
school,9,0,0.0,2.236
science,7,0,0.0,2.966
wrong,8,0,0.0,2.0845
scissors,8,0,0.0,2.023
scold,4,0,0.0,1.6935
score,11,0,0.0,2.202
scotland,6,0,0.0,2.6445
scream,3,0,0.0,2.002
screwdriver,6,0,0.0,2.92
sculpture,6,0,0.0,2.518
sea,5,0,0.0,3.17
search,5,0,0.0,3.1
second,6,0,0.0,1.5055
secret,8,0,0.0,2.01
secretary,10,0,0.0,2.2275
see,5,0,0.0,2.4
seem,6,0,0.0,1.984
seldom,3,0,0.0,3.136
selfish,5,0,0.0,2.603
sell,7,0,0.0,2.769
senate,6,0,0.0,2.116
send,5,0,0.0,2.7
senior,6,0,0.0,2.0675
sensitive,5,0,0.0,1.96
sentence,7,0,0.0,2.127
separate,6,0,0.0,2.601
september,5,0,0.0,2.636
sequence,5,0,0.0,2.933
serious,6,0,0.0,2.2729999999999997
serve,5,0,0.0,2.6
service,7,0,0.0,2.569
settle,4,0,0.0,2.636
seven,6,0,0.0,2.1475
several,4,0,0.0,2.4130000000000003
sew,4,0,0.0,2.9365
shame,5,0,0.0,2.6
shampoo,5,0,0.0,3.12
shape,7,0,0.0,2.903
share,7,0,0.0,1.919
shave,4,0,0.0,1.6515
she,6,0,0.0,2.7195
sheep,5,0,0.0,3.17
shelf,5,0,0.0,2.603
shine,8,0,0.0,1.251
shirt,12,0,0.0,2.8695
shock,9,0,0.0,1.877
shoes,6,0,0.0,2.551
shoot,5,0,0.0,1.368
shop,6,0,0.0,2.3525
shopping,3,0,0.0,2.97
short,13,0,0.0,2.566
should,6,0,0.0,2.536
shoulder,4,0,0.0,2.278
shout,3,0,0.0,3.003
shovel,3,0,0.0,2.502
show,9,0,0.0,2.044
shower,5,0,0.0,2.6
shrimp,6,0,0.0,2.1355
shy,6,0,0.0,2.0225
sick,8,0,0.0,2.686
side,5,0,0.0,2.044
sign,9,0,0.0,2.469
sign language,5,0,0.0,2.733
silent,5,0,0.0,2.833
silly,10,0,0.0,2.793
silver,6,0,0.0,2.1685
similar,6,0,0.0,2.868
simple,5,0,0.0,2.636
sin,4,0,0.0,2.6675
since,8,0,0.0,2.6275
sing,5,0,0.0,2.102
singer,4,0,0.0,3.0195
single,6,0,0.0,2.6094999999999997
siren,6,0,0.0,3.0445
sister,7,0,0.0,2.302
sit,6,0,0.0,1.9675000000000002
situation,6,0,0.0,2.6805000000000003
six,6,0,0.0,2.1375
sixteen,6,0,0.0,1.952
size,5,0,0.0,2.336
skate,4,0,0.0,2.5860000000000003
skeleton,5,0,0.0,2.703
sketch,6,0,0.0,2.269
ski,2,0,0.0,2.2645
skill,4,0,0.0,2.3760000000000003
skin,6,0,0.0,1.8005
skinny,6,0,0.0,2.3360000000000003
skip,4,0,0.0,2.476
skirt,6,0,0.0,2.7030000000000003
skunk,5,0,0.0,2.566
sky,8,0,0.0,2.1854999999999998
slave,6,0,0.0,2.3674999999999997
sleep,6,0,0.0,2.5025
sleepy,5,0,0.0,2.035
slice,4,0,0.0,2.878
slip,6,0,0.0,1.9980000000000002
slow,8,0,0.0,2.9240000000000004
small,8,0,0.0,2.119
smart,8,0,0.0,1.8355000000000001
smell,5,0,0.0,2.586
smile,7,0,0.0,2.753
smoking,2,0,0.0,2.369
smooth,5,0,0.0,2.269
snack,5,0,0.0,1.702
snake,7,0,0.0,2.461
sneeze,4,0,0.0,2.585
snob,6,0,0.0,1.6139999999999999
snow,10,0,0.0,2.6065
snowman,5,0,0.0,3.27
soap,7,0,0.0,2.878
soccer,5,0,0.0,2.436
society,5,0,0.0,2.603
socks,6,0,0.0,2.7845
soda,6,0,0.0,2.651
sofa,4,0,0.0,2.052
soft,8,0,0.0,2.536
soldier,4,0,0.0,2.3575
solid,6,0,0.0,2.401
solve,4,0,0.0,1.8094999999999999
some,7,0,0.0,2.302
someday,5,0,0.0,1.502
someone,3,0,0.0,2.502
something,4,0,0.0,2.918
sometimes,5,0,0.0,3.066
somewhere,4,0,0.0,3.051
son,10,0,0.0,2.365
song,5,0,0.0,2.833
soon,11,0,0.0,2.586
sore throat,6,0,0.0,3.3515
sorry,7,0,0.0,2.469
soul,5,0,0.0,1.502
sound,7,0,0.0,2.766
soup,6,0,0.0,2.8529999999999998
sour,7,0,0.0,2.233
south,7,0,0.0,2.1
south america,6,0,0.0,3.018
spain,6,0,0.0,1.781
spanish,5,0,0.0,2.302
speak,5,0,0.0,2.769
special,8,0,0.0,2.6765
specific,6,0,0.0,2.301
speech,10,0,0.0,2.152
speed,5,0,0.0,2.04
spell,6,0,0.0,2.518
spider,6,0,0.0,2.747
spill,4,0,0.0,1.785
spin,8,0,0.0,1.6764999999999999
spirit,7,0,0.0,1.752
spit,4,0,0.0,1.9505
spoon,4,0,0.0,1.7934999999999999
spray,8,0,0.0,2.683
spread,4,0,0.0,2.1185
spring,6,0,0.0,2.2175000000000002
sprint,6,0,0.0,2.1005000000000003
square,5,0,0.0,2.933
squeeze,4,0,0.0,2.3680000000000003
squirrel,6,0,0.0,2.9305
stadium,6,0,0.0,2.4175000000000004
staff,5,0,0.0,2.566
stairs,6,0,0.0,2.6765
stamp,5,0,0.0,1.768
stand,5,0,0.0,2.402
standard,5,0,0.0,2.833
star,7,0,0.0,2.202
stare,7,0,0.0,1.502
start,4,0,0.0,2.151
statistics,4,0,0.0,2.3525
year,10,0,0.0,2.2735
steal,7,0,0.0,1.802
steel,6,0,0.0,1.9375
stepfather,2,0,0.0,2.8525
sticky,5,0,0.0,1.368
still,5,0,0.0,3.003
sting,3,0,0.0,1.301
stink,8,0,0.0,2.381
stir,4,0,0.0,2.0355
stitch,4,0,0.0,2.316
stomach,7,0,0.0,2.12
stop,5,0,0.0,2.033
store,7,0,0.0,2.769
story,7,0,0.0,2.369
straight,8,0,0.0,2.3129999999999997
strange,7,0,0.0,2.533
straw,7,0,0.0,1.935
strawberry,8,0,0.0,2.0229999999999997
street,6,0,0.0,2.776
stress,8,0,0.0,1.8184999999999998
stretch,4,0,0.0,2.0949999999999998
strict,6,0,0.0,2.471
strong,8,0,0.0,2.2815
structure,7,0,0.0,2.069
struggle,7,0,0.0,2.377
stubborn,7,0,0.0,2.302
stuck,4,0,0.0,1.8965
student,8,0,0.0,2.5345
study,10,0,0.0,2.7195
stupid,5,0,0.0,2.5
subtract,6,0,0.0,2.551
subway,5,0,0.0,2.736
sue,4,0,0.0,2.002
suffer,5,0,0.0,2.633
sugar,7,0,0.0,1.969
suggest,6,0,0.0,1.5225
summer,7,0,0.0,2.233
summon,5,0,0.0,2.32
sun,6,0,0.0,2.835
sunday,8,0,0.0,2.301
sunrise,4,0,0.0,2.3185
sunset,8,0,0.0,2.319
sunshine,5,0,0.0,2.7
superman,4,0,0.0,3.0515
support,6,0,0.0,2.2845
suppose,4,0,0.0,2.803
sure,5,0,0.0,2.233
surface,6,0,0.0,2.419
surgeon,3,0,0.0,2.903
surgery,7,0,0.0,1.869
surprise,6,0,0.0,2.234
surrender,4,0,0.0,2.5780000000000003
suspect,6,0,0.0,3.2750000000000004
suspend,4,0,0.0,2.1005000000000003
swallow,7,0,0.0,2.703
sweater,6,0,0.0,2.8135000000000003
sweden,4,0,0.0,1.6185
sweep,4,0,0.0,2.7265
sweet,10,0,0.0,2.011
sweetheart,6,0,0.0,2.7615
swim,4,0,0.0,2.152
swimming,6,0,0.0,2.9695
swimsuit,5,0,0.0,3.237
swing,4,0,0.0,3.518
switzerland,6,0,0.0,2.2510000000000003
symbol,6,0,0.0,2.0645
sympathy,4,0,0.0,3.168
t,4,0,0.0,2.3855
table,5,0,0.0,2.336
take,11,0,0.0,2.433
take turns,7,0,0.0,2.102
take up,4,0,0.0,1.71
tale,6,0,0.0,2.2855
talent,4,0,0.0,2.3175
talk,7,0,0.0,1.535
tall,13,0,0.0,2.169
tan,5,0,0.0,3.003
taste,6,0,0.0,3.348
tea,7,0,0.0,1.702
teach,7,0,0.0,1.668
teacher,8,0,0.0,2.3345000000000002
team,6,0,0.0,3.185
tease,8,0,0.0,2.0854999999999997
technology,5,0,0.0,3.2
teeth,4,0,0.0,1.9685000000000001
telephone,6,0,0.0,2.2845000000000004
telescope,5,0,0.0,2.002
television,6,0,0.0,2.4695
tell,10,0,0.0,1.5434999999999999
temperature,8,0,0.0,2.886
temple,6,0,0.0,2.052
tempt,3,0,0.0,2.169
ten,5,0,0.0,2.436
tend,3,0,0.0,2.366
tender,6,0,0.0,3.0700000000000003
tennis,6,0,0.0,2.9365
tent,8,0,0.0,2.591
terrible,6,0,0.0,2.0685000000000002
test,8,0,0.0,1.8005
testify,5,0,0.0,2.502
texas,3,0,0.0,1.335
text,6,0,0.0,2.294
thailand,6,0,0.0,1.9020000000000001
than,4,0,0.0,2.3245
thank you,7,0,0.0,2.502
thankful,5,0,0.0,1.101
yellow,8,0,0.0,2.365
that,4,0,0.0,2.3354999999999997
theater,4,0,0.0,2.8514999999999997
their,5,0,0.0,1.768
them,5,0,0.0,3.1
theme,5,0,0.0,2.933
themselves,7,0,0.0,1.535
then,5,0,0.0,2.636
theory,10,0,0.0,2.4095
therapy,6,0,0.0,1.4015
there,6,0,0.0,1.802
therefore,3,0,0.0,2.536
thermometer,5,0,0.0,2.569
they,5,0,0.0,2.502
thick,5,0,0.0,1.468
thin,16,0,0.0,2.1174999999999997
thing,6,0,0.0,2.3845
think,7,0,0.0,2.544
third,7,0,0.0,1.568
thirsty,8,0,0.0,2.5675
yes,12,0,0.0,1.9144999999999999
thousand,6,0,0.0,2.5229999999999997
three,7,0,0.0,2.069
thrill,5,0,0.0,3.036
throat,5,0,0.0,2.369
through,5,0,0.0,2.336
throw,7,0,0.0,2.033
thursday,11,0,0.0,2.336
ticket,6,0,0.0,2.6845
tie,7,0,0.0,2.433
tiger,9,0,0.0,2.333
time,8,0,0.0,2.502
tiptoe,4,0,0.0,2.7365000000000004
tired,7,0,0.0,2.769
tissue,6,0,0.0,2.3845
title,5,0,0.0,2.903
to,7,0,0.0,2.636
toast,10,0,0.0,2.569
yesterday,10,0,0.0,2.1189999999999998
today,9,0,0.0,2.333
together,6,0,0.0,2.497
toilet,5,0,0.0,2.366
toilet paper,4,0,0.0,2.818
tolerate,4,0,0.0,3.1174999999999997
tomato,8,0,0.0,1.7185
tomorrow,7,0,0.0,2.502
tongue,5,0,0.0,2.636
tonight,5,0,0.0,2.533
you,8,0,0.0,2.2190000000000003
toothbrush,5,0,0.0,2.736
top,6,0,0.0,2.093
topic,7,0,0.0,2.903
tornado,5,0,0.0,2.377
torture,4,0,0.0,2.9339999999999997
total,5,0,0.0,2.866
touch,5,0,0.0,2.7
tough,6,0,0.0,1.4809999999999999
tournament,7,0,0.0,2.002
towel,5,0,0.0,2.369
tower,3,0,0.0,2.603
young,5,0,0.0,2.169
trade,13,0,0.0,2.044
tradition,5,0,0.0,2.236
traffic,6,0,0.0,2.8135
train,9,0,0.0,2.936
tranquil,5,0,0.0,2.402
transfer,8,0,0.0,2.127
transform,4,0,0.0,2.8245
translate,7,0,0.0,2.544
travel,9,0,0.0,2.92
tree,6,0,0.0,2.4485
triangle,6,0,0.0,2.5025
trip,5,0,0.0,2.2
trophy,5,0,0.0,3.036
trouble,5,0,0.0,2.711
truck,6,0,0.0,2.6025
true,5,0,0.0,2.066
trust,6,0,0.0,1.885
truth,5,0,0.0,1.768
try,6,0,0.0,2.63
tuesday,7,0,0.0,2.603
turkey,7,0,0.0,2.002
turn,4,0,0.0,2.2355
turtle,5,0,0.0,2.367
tutor,5,0,0.0,2.502
tv,2,0,0.0,2.3689999999999998
twin,5,0,0.0,1.668
two,6,0,0.0,1.9105
type,5,0,0.0,2.302
u,4,0,0.0,2.348
ugly,9,0,0.0,2.266
umbrella,6,0,0.0,2.6845
uncle,6,0,0.0,2.8680000000000003
under,5,0,0.0,2.666
understand,7,0,0.0,2.567
underwear,8,0,0.0,1.8980000000000001
unique,6,0,0.0,2.551
united states,5,0,0.0,2.469
university,7,0,0.0,2.466
until,7,0,0.0,2.127
up,7,0,0.0,1.935
upset,9,0,0.0,2.169
upstairs,3,0,0.0,1.869
use,5,0,0.0,2.666
v,4,0,0.0,2.49
vacant,4,0,0.0,2.968
vacation,6,0,0.0,2.4524999999999997
vague,4,0,0.0,2.6025
valley,4,0,0.0,2.6345
value,3,0,0.0,1.301
vampire,5,0,0.0,2.3
vegetable,5,0,0.0,3.337
verb,4,0,0.0,3.387
very,6,0,0.0,2.7525
vice president,4,0,0.0,2.269
viewpoint,5,0,0.0,2.803
violin,7,0,0.0,2.833
visit,9,0,0.0,2.102
visitor,5,0,0.0,2.833
visualize,5,0,0.0,3.033
vlog,4,0,0.0,1.6475
vocabulary,6,0,0.0,1.7305
voice,9,0,0.0,2.333
volleyball,5,0,0.0,2.466
volunteer,7,0,0.0,2.44
vomit,9,0,0.0,2.566
vote,8,0,0.0,1.962
w,4,0,0.0,2.1895
wait,10,0,0.0,2.7190000000000003
waiter,3,0,0.0,1.969
wake up,5,0,0.0,2.466
walk,11,0,0.0,2.402
wall,5,0,0.0,2.069
wallet,6,0,0.0,2.6180000000000003
wander,5,0,0.0,3.4
want,9,0,0.0,2.302
war,7,0,0.0,2.733
warm,5,0,0.0,2.769
warn,5,0,0.0,2.666
wash,6,0,0.0,2.6845
wash face,2,0,0.0,2.498
washington,5,0,0.0,2.035
waste,5,0,0.0,2.466
watch,8,0,0.0,2.2715
water,9,0,0.0,2.766
waterfall,5,0,0.0,1.835
watermelon,5,0,0.0,2.466
way,5,0,0.0,2.033
we,7,0,0.0,2.3
weak,7,0,0.0,2.8
wear,6,0,0.0,2.343
weather,8,0,0.0,2.0965
wedding,7,0,0.0,2.169
wednesday,8,0,0.0,2.5860000000000003
week,9,0,0.0,1.96
weekend,9,0,0.0,2.035
weekly,4,0,0.0,2.6189999999999998
weigh,3,0,0.0,2.87
weight,6,0,0.0,2.5915
weird,5,0,0.0,2.533
welcome,5,0,0.0,1.869
west,8,0,0.0,2.3005
wet,9,0,0.0,2.502
whale,6,0,0.0,2.9695
what,12,0,0.0,2.0309999999999997
whatever,4,0,0.0,2.484
wheelchair,4,0,0.0,1.8185
when,8,0,0.0,2.5025
where,7,0,0.0,2.402
which,6,0,0.0,2.2104999999999997
while,6,0,0.0,2.377
whistle,3,0,0.0,2.736
white,10,0,0.0,2.3855000000000004
who,14,0,0.0,2.169
why,11,0,0.0,2.127
wide,6,0,0.0,2.386
wife,8,0,0.0,2.615
will,4,0,0.0,2.7510000000000003
willing,6,0,0.0,2.16
win,7,0,0.0,2.766
wind,8,0,0.0,2.747
window,6,0,0.0,2.4005
wine,5,0,0.0,3.003
winter,6,0,0.0,2.402
wish,4,0,0.0,2.419
with,8,0,0.0,2.6515
a,4,0,0.0,2.6775
a lot,7,0,0.0,1.768
abdomen,5,0,0.0,2.32
able,5,0,0.0,2.24
about,7,0,0.0,2.1
above,5,0,0.0,2.669
accent,5,0,0.0,1.301
accept,8,0,0.0,1.6895
accident,13,0,0.0,1.835
accomplish,5,0,0.0,3.003
accountant,5,0,0.0,2.961
across,6,0,0.0,2.2775
act,5,0,0.0,2.569
action,6,0,0.0,3.174
active,5,0,0.0,2.8
activity,5,0,0.0,2.202
within,5,0,0.0,2.24
without,7,0,0.0,2.135
witness,6,0,0.0,1.6179999999999999
wolf,6,0,0.0,2.4025
woman,11,0,0.0,2.269
wonder,5,0,0.0,2.252
wonderful,6,0,0.0,2.63
wood,6,0,0.0,2.3105
word,8,0,0.0,2.314
work,10,0,0.0,2.3105
worker,5,0,0.0,3.1
workshop,5,0,0.0,2.211
world,6,0,0.0,3.42
worm,6,0,0.0,2.928
worry,5,0,0.0,2.833
worse,6,0,0.0,2.526
